# ************************************************************
# Sequel Pro SQL dump
# Version 4541
#
# http://www.sequelpro.com/
# https://github.com/sequelpro/sequelpro
#
# Host: localhost (MySQL 5.6.38)
# Database: capture_memories
# Generation Time: 2019-07-23 09:30:24 +0000
# ************************************************************


/*!40101 SET @OLD_CHARACTER_SET_CLIENT=@@CHARACTER_SET_CLIENT */;
/*!40101 SET @OLD_CHARACTER_SET_RESULTS=@@CHARACTER_SET_RESULTS */;
/*!40101 SET @OLD_COLLATION_CONNECTION=@@COLLATION_CONNECTION */;
/*!40101 SET NAMES utf8 */;
/*!40014 SET @OLD_FOREIGN_KEY_CHECKS=@@FOREIGN_KEY_CHECKS, FOREIGN_KEY_CHECKS=0 */;
/*!40101 SET @OLD_SQL_MODE=@@SQL_MODE, SQL_MODE='NO_AUTO_VALUE_ON_ZERO' */;
/*!40111 SET @OLD_SQL_NOTES=@@SQL_NOTES, SQL_NOTES=0 */;


# Dump of table tbl_airline_ticket_res
# ------------------------------------------------------------

DROP TABLE IF EXISTS `tbl_airline_ticket_res`;

CREATE TABLE `tbl_airline_ticket_res` (
  `id` int(11) unsigned NOT NULL AUTO_INCREMENT,
  `user_id` int(11) DEFAULT NULL,
  `location` varchar(50) DEFAULT NULL,
  `quantity` int(5) DEFAULT NULL,
  `status` enum('pending','cancelled','done') DEFAULT 'pending',
  `traveled_from_at` date DEFAULT NULL,
  `traveled_to_at` date DEFAULT NULL,
  `type` enum('domestic','international') DEFAULT 'domestic',
  `created_at` datetime DEFAULT NULL,
  `updated_at` datetime DEFAULT NULL,
  `deleted_at` datetime DEFAULT NULL,
  PRIMARY KEY (`id`)
) ENGINE=InnoDB DEFAULT CHARSET=utf8;



# Dump of table tbl_airline_ticket_res_meta
# ------------------------------------------------------------

DROP TABLE IF EXISTS `tbl_airline_ticket_res_meta`;

CREATE TABLE `tbl_airline_ticket_res_meta` (
  `id` int(11) unsigned NOT NULL AUTO_INCREMENT,
  `tbl_airline_ticket_res_id` int(11) DEFAULT NULL,
  `passenger_name` varchar(120) DEFAULT NULL,
  `age` varchar(3) DEFAULT NULL,
  `birth_date` date DEFAULT NULL,
  `passport_number` varchar(50) DEFAULT NULL,
  `expiry_date` datetime DEFAULT NULL,
  `created_at` datetime DEFAULT NULL,
  `updated_at` datetime DEFAULT NULL,
  `deleted_at` datetime DEFAULT NULL,
  PRIMARY KEY (`id`)
) ENGINE=InnoDB DEFAULT CHARSET=utf8;



# Dump of table tbl_booking
# ------------------------------------------------------------

DROP TABLE IF EXISTS `tbl_booking`;

CREATE TABLE `tbl_booking` (
  `id` int(11) unsigned NOT NULL AUTO_INCREMENT,
  `tbl_user_id` int(5) DEFAULT NULL,
  `tbl_tour_package_meta_id` int(5) DEFAULT NULL,
  `departing_at` date DEFAULT NULL,
  `returning_at` date DEFAULT NULL,
  `status` enum('pending','declined','approved') DEFAULT 'pending',
  `created_at` datetime DEFAULT NULL,
  `updated_at` datetime DEFAULT NULL,
  `deleted_at` datetime DEFAULT NULL,
  PRIMARY KEY (`id`)
) ENGINE=InnoDB DEFAULT CHARSET=utf8;

LOCK TABLES `tbl_booking` WRITE;
/*!40000 ALTER TABLE `tbl_booking` DISABLE KEYS */;

INSERT INTO `tbl_booking` (`id`, `tbl_user_id`, `tbl_tour_package_meta_id`, `departing_at`, `returning_at`, `status`, `created_at`, `updated_at`, `deleted_at`)
VALUES
	(1,1,36,'2019-07-17','2019-07-18','pending','2019-07-22 01:04:44','2019-07-22 01:04:44','0000-00-00 00:00:00'),
	(2,1,36,'2019-07-17','2019-07-18','pending','2019-07-22 01:06:45','2019-07-22 01:06:45','0000-00-00 00:00:00'),
	(3,1,36,'2019-07-17','2019-07-18','pending','2019-07-22 01:08:27','2019-07-22 01:08:27','0000-00-00 00:00:00'),
	(4,1,36,'2019-07-17','2019-07-18','pending','2019-07-22 01:09:38','2019-07-22 01:09:38','0000-00-00 00:00:00'),
	(5,1,36,'2019-07-17','2019-07-18','pending','2019-07-22 01:09:53','2019-07-22 01:09:53','0000-00-00 00:00:00'),
	(6,1,36,'2019-07-17','2019-07-18','pending','2019-07-22 01:10:28','2019-07-22 01:10:28','0000-00-00 00:00:00'),
	(7,1,36,'2019-07-17','2019-07-18','pending','2019-07-22 01:11:22','2019-07-22 01:11:22','0000-00-00 00:00:00'),
	(8,1,36,'2019-07-17','2019-07-18','pending','2019-07-22 01:12:20','2019-07-22 01:12:20','0000-00-00 00:00:00'),
	(9,1,36,'2019-07-17','2019-07-18','pending','2019-07-22 01:13:46','2019-07-22 01:13:46','0000-00-00 00:00:00'),
	(10,1,36,'2019-07-17','2019-07-18','pending','2019-07-22 01:14:14','2019-07-22 01:14:14','0000-00-00 00:00:00'),
	(11,1,36,'2019-07-17','2019-07-18','pending','2019-07-22 01:16:20','2019-07-22 01:16:20','0000-00-00 00:00:00'),
	(12,1,36,'2019-07-17','2019-07-18','pending','2019-07-22 01:38:46','2019-07-22 01:38:46','0000-00-00 00:00:00'),
	(13,1,36,'2019-07-17','2019-07-18','pending','2019-07-22 01:39:24','2019-07-22 01:39:24','0000-00-00 00:00:00'),
	(14,1,37,'2019-07-17','2019-07-18','pending','2019-07-22 20:57:23','2019-07-22 20:57:23','0000-00-00 00:00:00'),
	(15,1,36,'2019-07-17','2019-07-18','pending','2019-07-22 21:03:09','2019-07-22 21:03:09','0000-00-00 00:00:00'),
	(16,1,32,'2019-07-19','2019-07-24','pending','2019-07-22 21:20:57','2019-07-22 21:20:57','0000-00-00 00:00:00'),
	(17,1,32,'2019-07-26','2019-07-27','pending','2019-07-22 21:23:39','2019-07-22 21:23:39','0000-00-00 00:00:00');

/*!40000 ALTER TABLE `tbl_booking` ENABLE KEYS */;
UNLOCK TABLES;


# Dump of table tbl_booking_meta
# ------------------------------------------------------------

DROP TABLE IF EXISTS `tbl_booking_meta`;

CREATE TABLE `tbl_booking_meta` (
  `id` int(11) unsigned NOT NULL AUTO_INCREMENT,
  `tbl_booking_id` int(11) DEFAULT NULL,
  `companion_name` varchar(120) DEFAULT NULL,
  `age` varchar(5) DEFAULT NULL,
  `created_at` datetime DEFAULT NULL,
  `updated_at` datetime DEFAULT NULL,
  `deleted_at` datetime DEFAULT NULL,
  PRIMARY KEY (`id`)
) ENGINE=InnoDB DEFAULT CHARSET=utf8;

LOCK TABLES `tbl_booking_meta` WRITE;
/*!40000 ALTER TABLE `tbl_booking_meta` DISABLE KEYS */;

INSERT INTO `tbl_booking_meta` (`id`, `tbl_booking_id`, `companion_name`, `age`, `created_at`, `updated_at`, `deleted_at`)
VALUES
	(1,8,'Sam','13','2019-07-22 01:12:20','2019-07-22 01:12:20','0000-00-00 00:00:00'),
	(2,8,'Carla ','114','2019-07-22 01:12:20','2019-07-22 01:12:20','0000-00-00 00:00:00'),
	(3,9,'Sam','13','2019-07-22 01:13:46','2019-07-22 01:13:46','0000-00-00 00:00:00'),
	(4,9,'Carla ','114','2019-07-22 01:13:46','2019-07-22 01:13:46','0000-00-00 00:00:00'),
	(5,10,'Sam','13','2019-07-22 01:14:14','2019-07-22 01:14:14','0000-00-00 00:00:00'),
	(6,10,'Carla ','114','2019-07-22 01:14:14','2019-07-22 01:14:14','0000-00-00 00:00:00'),
	(7,11,'Sam','13','2019-07-22 01:16:20','2019-07-22 01:16:20','0000-00-00 00:00:00'),
	(8,11,'Carla ','114','2019-07-22 01:16:20','2019-07-22 01:16:20','0000-00-00 00:00:00'),
	(9,12,'Sam','13','2019-07-22 01:38:46','2019-07-22 01:38:46','0000-00-00 00:00:00'),
	(10,12,'Carla ','114','2019-07-22 01:38:46','2019-07-22 01:38:46','0000-00-00 00:00:00'),
	(11,13,'Sam','13','2019-07-22 01:39:24','2019-07-22 01:39:24','0000-00-00 00:00:00'),
	(12,13,'Carla ','114','2019-07-22 01:39:24','2019-07-22 01:39:24','0000-00-00 00:00:00'),
	(13,14,'Carla','Remo','2019-07-22 20:57:23','2019-07-22 20:57:23','0000-00-00 00:00:00'),
	(14,14,'Sam','Esque','2019-07-22 20:57:23','2019-07-22 20:57:23','0000-00-00 00:00:00'),
	(15,14,'Sam','AWTAS','2019-07-22 20:57:23','2019-07-22 20:57:23','0000-00-00 00:00:00'),
	(16,15,'Carla','Remo','2019-07-22 21:03:09','2019-07-22 21:03:09','0000-00-00 00:00:00'),
	(17,15,'Sam','Esque','2019-07-22 21:03:09','2019-07-22 21:03:09','0000-00-00 00:00:00'),
	(18,16,'Sam','Esque','2019-07-22 21:20:57','2019-07-22 21:20:57','0000-00-00 00:00:00'),
	(19,17,'Vaperspoint','Manda','2019-07-22 21:23:39','2019-07-22 21:23:39','0000-00-00 00:00:00');

/*!40000 ALTER TABLE `tbl_booking_meta` ENABLE KEYS */;
UNLOCK TABLES;


# Dump of table tbl_convo
# ------------------------------------------------------------

DROP TABLE IF EXISTS `tbl_convo`;

CREATE TABLE `tbl_convo` (
  `id` int(11) unsigned NOT NULL AUTO_INCREMENT,
  `tbl_user_id` int(11) DEFAULT NULL,
  `tbl_booking_id` int(11) DEFAULT NULL,
  `status` enum('unread','read') DEFAULT 'unread',
  `created_at` datetime DEFAULT NULL,
  `updated_at` datetime DEFAULT NULL,
  `deleted_at` datetime DEFAULT NULL,
  PRIMARY KEY (`id`)
) ENGINE=InnoDB DEFAULT CHARSET=utf8;

LOCK TABLES `tbl_convo` WRITE;
/*!40000 ALTER TABLE `tbl_convo` DISABLE KEYS */;

INSERT INTO `tbl_convo` (`id`, `tbl_user_id`, `tbl_booking_id`, `status`, `created_at`, `updated_at`, `deleted_at`)
VALUES
	(1,1,13,'unread','2019-07-22 01:39:24','2019-07-22 01:39:24','0000-00-00 00:00:00'),
	(2,1,14,'unread','2019-07-22 20:57:23','2019-07-22 20:57:23','0000-00-00 00:00:00'),
	(3,1,15,'unread','2019-07-22 21:03:09','2019-07-22 21:03:09','0000-00-00 00:00:00'),
	(4,1,16,'unread','2019-07-22 21:20:57','2019-07-22 21:20:57','0000-00-00 00:00:00'),
	(5,1,17,'unread','2019-07-22 21:23:39','2019-07-22 21:23:39','0000-00-00 00:00:00');

/*!40000 ALTER TABLE `tbl_convo` ENABLE KEYS */;
UNLOCK TABLES;


# Dump of table tbl_message
# ------------------------------------------------------------

DROP TABLE IF EXISTS `tbl_message`;

CREATE TABLE `tbl_message` (
  `id` int(11) unsigned NOT NULL AUTO_INCREMENT,
  `tbl_convo_id` int(11) DEFAULT NULL,
  `tbl_sender_id` int(11) DEFAULT NULL,
  `tbl_receiver_id` int(11) DEFAULT NULL,
  `description` text,
  `created_at` datetime DEFAULT NULL,
  `updated_at` datetime DEFAULT NULL,
  `deleted_at` datetime DEFAULT NULL,
  PRIMARY KEY (`id`)
) ENGINE=InnoDB DEFAULT CHARSET=utf8;

LOCK TABLES `tbl_message` WRITE;
/*!40000 ALTER TABLE `tbl_message` DISABLE KEYS */;

INSERT INTO `tbl_message` (`id`, `tbl_convo_id`, `tbl_sender_id`, `tbl_receiver_id`, `description`, `created_at`, `updated_at`, `deleted_at`)
VALUES
	(1,2,1,1,'Hi CMTT can we have a meeting?','2019-07-22 20:57:23','2019-07-22 20:57:23','0000-00-00 00:00:00'),
	(2,3,1,1,'Hi give me a sample\r\n','2019-07-22 21:03:09','2019-07-22 21:03:09','0000-00-00 00:00:00'),
	(3,4,1,6,'can you help me with this?','2019-07-22 21:20:57','2019-07-22 21:20:57','0000-00-00 00:00:00'),
	(4,5,1,6,'hi we are vaperspoint mandaluyong','2019-07-22 21:23:40','2019-07-22 21:23:40','0000-00-00 00:00:00');

/*!40000 ALTER TABLE `tbl_message` ENABLE KEYS */;
UNLOCK TABLES;


# Dump of table tbl_place
# ------------------------------------------------------------

DROP TABLE IF EXISTS `tbl_place`;

CREATE TABLE `tbl_place` (
  `id` int(11) unsigned NOT NULL AUTO_INCREMENT,
  `name` text,
  `description` text,
  `type` enum('domestic','international') DEFAULT 'domestic',
  `airline_status` enum('no','yes') DEFAULT 'no',
  `visa_status` enum('no','yes') DEFAULT 'no',
  `wifi_status` enum('no','yes') DEFAULT 'no',
  `tour_status` enum('no','yes') DEFAULT 'no',
  `status` enum('active','inactive') DEFAULT 'active',
  `created_at` datetime DEFAULT NULL,
  `updated_at` datetime DEFAULT NULL,
  `deleted_at` datetime DEFAULT NULL,
  PRIMARY KEY (`id`)
) ENGINE=InnoDB DEFAULT CHARSET=utf8;

LOCK TABLES `tbl_place` WRITE;
/*!40000 ALTER TABLE `tbl_place` DISABLE KEYS */;

INSERT INTO `tbl_place` (`id`, `name`, `description`, `type`, `airline_status`, `visa_status`, `wifi_status`, `tour_status`, `status`, `created_at`, `updated_at`, `deleted_at`)
VALUES
	(7,'Batanes','batanes','international','yes','yes','yes','yes','active','2019-07-05 11:35:46','2019-07-05 11:35:46','0000-00-00 00:00:00'),
	(8,'Hongkong','hongkong','international','yes','yes','yes','yes','active','2019-07-05 12:07:50','2019-07-05 12:07:50','0000-00-00 00:00:00'),
	(9,'Bali','','international','yes','yes','yes','yes','active','2019-07-15 13:49:07','2019-07-15 13:49:07','0000-00-00 00:00:00');

/*!40000 ALTER TABLE `tbl_place` ENABLE KEYS */;
UNLOCK TABLES;


# Dump of table tbl_services
# ------------------------------------------------------------

DROP TABLE IF EXISTS `tbl_services`;

CREATE TABLE `tbl_services` (
  `id` int(11) unsigned NOT NULL AUTO_INCREMENT,
  `tbl_user_id` int(11) DEFAULT NULL,
  `tbl_service_id` int(11) DEFAULT NULL,
  `type` enum('airline','visa','wifi','travel') DEFAULT 'airline',
  `status` enum('active','inactive') DEFAULT 'active',
  `created_at` datetime DEFAULT NULL,
  `updated_at` datetime DEFAULT NULL,
  `deleted_at` datetime DEFAULT NULL,
  PRIMARY KEY (`id`)
) ENGINE=InnoDB DEFAULT CHARSET=utf8;



# Dump of table tbl_site
# ------------------------------------------------------------

DROP TABLE IF EXISTS `tbl_site`;

CREATE TABLE `tbl_site` (
  `id` int(11) unsigned NOT NULL AUTO_INCREMENT,
  `name` varchar(50) DEFAULT NULL,
  `logo_path` text,
  `invoice_header` varchar(50) DEFAULT NULL,
  `invoice_footer` varchar(50) DEFAULT NULL,
  `created_at` datetime DEFAULT NULL,
  `updated_at` datetime DEFAULT NULL,
  `deleted_at` datetime DEFAULT NULL,
  PRIMARY KEY (`id`)
) ENGINE=InnoDB DEFAULT CHARSET=utf8;



# Dump of table tbl_tour_package
# ------------------------------------------------------------

DROP TABLE IF EXISTS `tbl_tour_package`;

CREATE TABLE `tbl_tour_package` (
  `id` int(11) unsigned NOT NULL AUTO_INCREMENT,
  `place_id` int(11) DEFAULT NULL,
  `name` text,
  `description` longtext,
  `travel_period_from_at` date DEFAULT NULL,
  `travel_period_to_at` date DEFAULT NULL,
  `selling_period` varchar(120) DEFAULT NULL,
  `image_path` text,
  `image_public_path` text,
  `status` enum('active','inactive') DEFAULT NULL,
  `created_at` datetime DEFAULT NULL,
  `updated_at` datetime DEFAULT NULL,
  `deleted_at` datetime DEFAULT NULL,
  PRIMARY KEY (`id`)
) ENGINE=InnoDB DEFAULT CHARSET=utf8;

LOCK TABLES `tbl_tour_package` WRITE;
/*!40000 ALTER TABLE `tbl_tour_package` DISABLE KEYS */;

INSERT INTO `tbl_tour_package` (`id`, `place_id`, `name`, `description`, `travel_period_from_at`, `travel_period_to_at`, `selling_period`, `image_path`, `image_public_path`, `status`, `created_at`, `updated_at`, `deleted_at`)
VALUES
	(38,7,'BATANES 3D2N PROMO PACKAGE NEW','<p><!-- [if gte mso 9]><xml>\r\n <o:DocumentProperties>\r\n  <o:Revision>0</o:Revision>\r\n  <o:TotalTime>0</o:TotalTime>\r\n  <o:Pages>1</o:Pages>\r\n  <o:Words>158</o:Words>\r\n  <o:Characters>905</o:Characters>\r\n  <o:Company>a99</o:Company>\r\n  <o:Lines>7</o:Lines>\r\n  <o:Paragraphs>2</o:Paragraphs>\r\n  <o:CharactersWithSpaces>1061</o:CharactersWithSpaces>\r\n  <o:Version>14.0</o:Version>\r\n </o:DocumentProperties>\r\n <o:OfficeDocumentSettings>\r\n  <o:AllowPNG/>\r\n </o:OfficeDocumentSettings>\r\n</xml><![endif]--> <!-- [if gte mso 9]><xml>\r\n <w:WordDocument>\r\n  <w:View>Normal</w:View>\r\n  <w:Zoom>0</w:Zoom>\r\n  <w:TrackMoves/>\r\n  <w:TrackFormatting/>\r\n  <w:PunctuationKerning/>\r\n  <w:ValidateAgainstSchemas/>\r\n  <w:SaveIfXMLInvalid>false</w:SaveIfXMLInvalid>\r\n  <w:IgnoreMixedContent>false</w:IgnoreMixedContent>\r\n  <w:AlwaysShowPlaceholderText>false</w:AlwaysShowPlaceholderText>\r\n  <w:DoNotPromoteQF/>\r\n  <w:LidThemeOther>EN-US</w:LidThemeOther>\r\n  <w:LidThemeAsian>JA</w:LidThemeAsian>\r\n  <w:LidThemeComplexScript>X-NONE</w:LidThemeComplexScript>\r\n  <w:Compatibility>\r\n   <w:BreakWrappedTables/>\r\n   <w:SnapToGridInCell/>\r\n   <w:WrapTextWithPunct/>\r\n   <w:UseAsianBreakRules/>\r\n   <w:DontGrowAutofit/>\r\n   <w:SplitPgBreakAndParaMark/>\r\n   <w:EnableOpenTypeKerning/>\r\n   <w:DontFlipMirrorIndents/>\r\n   <w:OverrideTableStyleHps/>\r\n  </w:Compatibility>\r\n  <m:mathPr>\r\n   <m:mathFont m:val=\"Cambria Math\"/>\r\n   <m:brkBin m:val=\"before\"/>\r\n   <m:brkBinSub m:val=\"&#45;-\"/>\r\n   <m:smallFrac m:val=\"off\"/>\r\n   <m:dispDef/>\r\n   <m:lMargin m:val=\"0\"/>\r\n   <m:rMargin m:val=\"0\"/>\r\n   <m:defJc m:val=\"centerGroup\"/>\r\n   <m:wrapIndent m:val=\"1440\"/>\r\n   <m:intLim m:val=\"subSup\"/>\r\n   <m:naryLim m:val=\"undOvr\"/>\r\n  </m:mathPr></w:WordDocument>\r\n</xml><![endif]--><!-- [if gte mso 9]><xml>\r\n <w:LatentStyles DefLockedState=\"false\" DefUnhideWhenUsed=\"true\"\r\n  DefSemiHidden=\"true\" DefQFormat=\"false\" DefPriority=\"99\"\r\n  LatentStyleCount=\"276\">\r\n  <w:LsdException Locked=\"false\" Priority=\"0\" SemiHidden=\"false\"\r\n   UnhideWhenUsed=\"false\" QFormat=\"true\" Name=\"Normal\"/>\r\n  <w:LsdException Locked=\"false\" Priority=\"9\" SemiHidden=\"false\"\r\n   UnhideWhenUsed=\"false\" QFormat=\"true\" Name=\"heading 1\"/>\r\n  <w:LsdException Locked=\"false\" Priority=\"9\" QFormat=\"true\" Name=\"heading 2\"/>\r\n  <w:LsdException Locked=\"false\" Priority=\"9\" QFormat=\"true\" Name=\"heading 3\"/>\r\n  <w:LsdException Locked=\"false\" Priority=\"9\" QFormat=\"true\" Name=\"heading 4\"/>\r\n  <w:LsdException Locked=\"false\" Priority=\"9\" QFormat=\"true\" Name=\"heading 5\"/>\r\n  <w:LsdException Locked=\"false\" Priority=\"9\" QFormat=\"true\" Name=\"heading 6\"/>\r\n  <w:LsdException Locked=\"false\" Priority=\"9\" QFormat=\"true\" Name=\"heading 7\"/>\r\n  <w:LsdException Locked=\"false\" Priority=\"9\" QFormat=\"true\" Name=\"heading 8\"/>\r\n  <w:LsdException Locked=\"false\" Priority=\"9\" QFormat=\"true\" Name=\"heading 9\"/>\r\n  <w:LsdException Locked=\"false\" Priority=\"39\" Name=\"toc 1\"/>\r\n  <w:LsdException Locked=\"false\" Priority=\"39\" Name=\"toc 2\"/>\r\n  <w:LsdException Locked=\"false\" Priority=\"39\" Name=\"toc 3\"/>\r\n  <w:LsdException Locked=\"false\" Priority=\"39\" Name=\"toc 4\"/>\r\n  <w:LsdException Locked=\"false\" Priority=\"39\" Name=\"toc 5\"/>\r\n  <w:LsdException Locked=\"false\" Priority=\"39\" Name=\"toc 6\"/>\r\n  <w:LsdException Locked=\"false\" Priority=\"39\" Name=\"toc 7\"/>\r\n  <w:LsdException Locked=\"false\" Priority=\"39\" Name=\"toc 8\"/>\r\n  <w:LsdException Locked=\"false\" Priority=\"39\" Name=\"toc 9\"/>\r\n  <w:LsdException Locked=\"false\" Priority=\"35\" QFormat=\"true\" Name=\"caption\"/>\r\n  <w:LsdException Locked=\"false\" Priority=\"10\" SemiHidden=\"false\"\r\n   UnhideWhenUsed=\"false\" QFormat=\"true\" Name=\"Title\"/>\r\n  <w:LsdException Locked=\"false\" Priority=\"1\" Name=\"Default Paragraph Font\"/>\r\n  <w:LsdException Locked=\"false\" Priority=\"11\" SemiHidden=\"false\"\r\n   UnhideWhenUsed=\"false\" QFormat=\"true\" Name=\"Subtitle\"/>\r\n  <w:LsdException Locked=\"false\" Priority=\"22\" SemiHidden=\"false\"\r\n   UnhideWhenUsed=\"false\" QFormat=\"true\" Name=\"Strong\"/>\r\n  <w:LsdException Locked=\"false\" Priority=\"20\" SemiHidden=\"false\"\r\n   UnhideWhenUsed=\"false\" QFormat=\"true\" Name=\"Emphasis\"/>\r\n  <w:LsdException Locked=\"false\" Priority=\"59\" SemiHidden=\"false\"\r\n   UnhideWhenUsed=\"false\" Name=\"Table Grid\"/>\r\n  <w:LsdException Locked=\"false\" UnhideWhenUsed=\"false\" Name=\"Placeholder Text\"/>\r\n  <w:LsdException Locked=\"false\" Priority=\"1\" SemiHidden=\"false\"\r\n   UnhideWhenUsed=\"false\" QFormat=\"true\" Name=\"No Spacing\"/>\r\n  <w:LsdException Locked=\"false\" Priority=\"60\" SemiHidden=\"false\"\r\n   UnhideWhenUsed=\"false\" Name=\"Light Shading\"/>\r\n  <w:LsdException Locked=\"false\" Priority=\"61\" SemiHidden=\"false\"\r\n   UnhideWhenUsed=\"false\" Name=\"Light List\"/>\r\n  <w:LsdException Locked=\"false\" Priority=\"62\" SemiHidden=\"false\"\r\n   UnhideWhenUsed=\"false\" Name=\"Light Grid\"/>\r\n  <w:LsdException Locked=\"false\" Priority=\"63\" SemiHidden=\"false\"\r\n   UnhideWhenUsed=\"false\" Name=\"Medium Shading 1\"/>\r\n  <w:LsdException Locked=\"false\" Priority=\"64\" SemiHidden=\"false\"\r\n   UnhideWhenUsed=\"false\" Name=\"Medium Shading 2\"/>\r\n  <w:LsdException Locked=\"false\" Priority=\"65\" SemiHidden=\"false\"\r\n   UnhideWhenUsed=\"false\" Name=\"Medium List 1\"/>\r\n  <w:LsdException Locked=\"false\" Priority=\"66\" SemiHidden=\"false\"\r\n   UnhideWhenUsed=\"false\" Name=\"Medium List 2\"/>\r\n  <w:LsdException Locked=\"false\" Priority=\"67\" SemiHidden=\"false\"\r\n   UnhideWhenUsed=\"false\" Name=\"Medium Grid 1\"/>\r\n  <w:LsdException Locked=\"false\" Priority=\"68\" SemiHidden=\"false\"\r\n   UnhideWhenUsed=\"false\" Name=\"Medium Grid 2\"/>\r\n  <w:LsdException Locked=\"false\" Priority=\"69\" SemiHidden=\"false\"\r\n   UnhideWhenUsed=\"false\" Name=\"Medium Grid 3\"/>\r\n  <w:LsdException Locked=\"false\" Priority=\"70\" SemiHidden=\"false\"\r\n   UnhideWhenUsed=\"false\" Name=\"Dark List\"/>\r\n  <w:LsdException Locked=\"false\" Priority=\"71\" SemiHidden=\"false\"\r\n   UnhideWhenUsed=\"false\" Name=\"Colorful Shading\"/>\r\n  <w:LsdException Locked=\"false\" Priority=\"72\" SemiHidden=\"false\"\r\n   UnhideWhenUsed=\"false\" Name=\"Colorful List\"/>\r\n  <w:LsdException Locked=\"false\" Priority=\"73\" SemiHidden=\"false\"\r\n   UnhideWhenUsed=\"false\" Name=\"Colorful Grid\"/>\r\n  <w:LsdException Locked=\"false\" Priority=\"60\" SemiHidden=\"false\"\r\n   UnhideWhenUsed=\"false\" Name=\"Light Shading Accent 1\"/>\r\n  <w:LsdException Locked=\"false\" Priority=\"61\" SemiHidden=\"false\"\r\n   UnhideWhenUsed=\"false\" Name=\"Light List Accent 1\"/>\r\n  <w:LsdException Locked=\"false\" Priority=\"62\" SemiHidden=\"false\"\r\n   UnhideWhenUsed=\"false\" Name=\"Light Grid Accent 1\"/>\r\n  <w:LsdException Locked=\"false\" Priority=\"63\" SemiHidden=\"false\"\r\n   UnhideWhenUsed=\"false\" Name=\"Medium Shading 1 Accent 1\"/>\r\n  <w:LsdException Locked=\"false\" Priority=\"64\" SemiHidden=\"false\"\r\n   UnhideWhenUsed=\"false\" Name=\"Medium Shading 2 Accent 1\"/>\r\n  <w:LsdException Locked=\"false\" Priority=\"65\" SemiHidden=\"false\"\r\n   UnhideWhenUsed=\"false\" Name=\"Medium List 1 Accent 1\"/>\r\n  <w:LsdException Locked=\"false\" UnhideWhenUsed=\"false\" Name=\"Revision\"/>\r\n  <w:LsdException Locked=\"false\" Priority=\"34\" SemiHidden=\"false\"\r\n   UnhideWhenUsed=\"false\" QFormat=\"true\" Name=\"List Paragraph\"/>\r\n  <w:LsdException Locked=\"false\" Priority=\"29\" SemiHidden=\"false\"\r\n   UnhideWhenUsed=\"false\" QFormat=\"true\" Name=\"Quote\"/>\r\n  <w:LsdException Locked=\"false\" Priority=\"30\" SemiHidden=\"false\"\r\n   UnhideWhenUsed=\"false\" QFormat=\"true\" Name=\"Intense Quote\"/>\r\n  <w:LsdException Locked=\"false\" Priority=\"66\" SemiHidden=\"false\"\r\n   UnhideWhenUsed=\"false\" Name=\"Medium List 2 Accent 1\"/>\r\n  <w:LsdException Locked=\"false\" Priority=\"67\" SemiHidden=\"false\"\r\n   UnhideWhenUsed=\"false\" Name=\"Medium Grid 1 Accent 1\"/>\r\n  <w:LsdException Locked=\"false\" Priority=\"68\" SemiHidden=\"false\"\r\n   UnhideWhenUsed=\"false\" Name=\"Medium Grid 2 Accent 1\"/>\r\n  <w:LsdException Locked=\"false\" Priority=\"69\" SemiHidden=\"false\"\r\n   UnhideWhenUsed=\"false\" Name=\"Medium Grid 3 Accent 1\"/>\r\n  <w:LsdException Locked=\"false\" Priority=\"70\" SemiHidden=\"false\"\r\n   UnhideWhenUsed=\"false\" Name=\"Dark List Accent 1\"/>\r\n  <w:LsdException Locked=\"false\" Priority=\"71\" SemiHidden=\"false\"\r\n   UnhideWhenUsed=\"false\" Name=\"Colorful Shading Accent 1\"/>\r\n  <w:LsdException Locked=\"false\" Priority=\"72\" SemiHidden=\"false\"\r\n   UnhideWhenUsed=\"false\" Name=\"Colorful List Accent 1\"/>\r\n  <w:LsdException Locked=\"false\" Priority=\"73\" SemiHidden=\"false\"\r\n   UnhideWhenUsed=\"false\" Name=\"Colorful Grid Accent 1\"/>\r\n  <w:LsdException Locked=\"false\" Priority=\"60\" SemiHidden=\"false\"\r\n   UnhideWhenUsed=\"false\" Name=\"Light Shading Accent 2\"/>\r\n  <w:LsdException Locked=\"false\" Priority=\"61\" SemiHidden=\"false\"\r\n   UnhideWhenUsed=\"false\" Name=\"Light List Accent 2\"/>\r\n  <w:LsdException Locked=\"false\" Priority=\"62\" SemiHidden=\"false\"\r\n   UnhideWhenUsed=\"false\" Name=\"Light Grid Accent 2\"/>\r\n  <w:LsdException Locked=\"false\" Priority=\"63\" SemiHidden=\"false\"\r\n   UnhideWhenUsed=\"false\" Name=\"Medium Shading 1 Accent 2\"/>\r\n  <w:LsdException Locked=\"false\" Priority=\"64\" SemiHidden=\"false\"\r\n   UnhideWhenUsed=\"false\" Name=\"Medium Shading 2 Accent 2\"/>\r\n  <w:LsdException Locked=\"false\" Priority=\"65\" SemiHidden=\"false\"\r\n   UnhideWhenUsed=\"false\" Name=\"Medium List 1 Accent 2\"/>\r\n  <w:LsdException Locked=\"false\" Priority=\"66\" SemiHidden=\"false\"\r\n   UnhideWhenUsed=\"false\" Name=\"Medium List 2 Accent 2\"/>\r\n  <w:LsdException Locked=\"false\" Priority=\"67\" SemiHidden=\"false\"\r\n   UnhideWhenUsed=\"false\" Name=\"Medium Grid 1 Accent 2\"/>\r\n  <w:LsdException Locked=\"false\" Priority=\"68\" SemiHidden=\"false\"\r\n   UnhideWhenUsed=\"false\" Name=\"Medium Grid 2 Accent 2\"/>\r\n  <w:LsdException Locked=\"false\" Priority=\"69\" SemiHidden=\"false\"\r\n   UnhideWhenUsed=\"false\" Name=\"Medium Grid 3 Accent 2\"/>\r\n  <w:LsdException Locked=\"false\" Priority=\"70\" SemiHidden=\"false\"\r\n   UnhideWhenUsed=\"false\" Name=\"Dark List Accent 2\"/>\r\n  <w:LsdException Locked=\"false\" Priority=\"71\" SemiHidden=\"false\"\r\n   UnhideWhenUsed=\"false\" Name=\"Colorful Shading Accent 2\"/>\r\n  <w:LsdException Locked=\"false\" Priority=\"72\" SemiHidden=\"false\"\r\n   UnhideWhenUsed=\"false\" Name=\"Colorful List Accent 2\"/>\r\n  <w:LsdException Locked=\"false\" Priority=\"73\" SemiHidden=\"false\"\r\n   UnhideWhenUsed=\"false\" Name=\"Colorful Grid Accent 2\"/>\r\n  <w:LsdException Locked=\"false\" Priority=\"60\" SemiHidden=\"false\"\r\n   UnhideWhenUsed=\"false\" Name=\"Light Shading Accent 3\"/>\r\n  <w:LsdException Locked=\"false\" Priority=\"61\" SemiHidden=\"false\"\r\n   UnhideWhenUsed=\"false\" Name=\"Light List Accent 3\"/>\r\n  <w:LsdException Locked=\"false\" Priority=\"62\" SemiHidden=\"false\"\r\n   UnhideWhenUsed=\"false\" Name=\"Light Grid Accent 3\"/>\r\n  <w:LsdException Locked=\"false\" Priority=\"63\" SemiHidden=\"false\"\r\n   UnhideWhenUsed=\"false\" Name=\"Medium Shading 1 Accent 3\"/>\r\n  <w:LsdException Locked=\"false\" Priority=\"64\" SemiHidden=\"false\"\r\n   UnhideWhenUsed=\"false\" Name=\"Medium Shading 2 Accent 3\"/>\r\n  <w:LsdException Locked=\"false\" Priority=\"65\" SemiHidden=\"false\"\r\n   UnhideWhenUsed=\"false\" Name=\"Medium List 1 Accent 3\"/>\r\n  <w:LsdException Locked=\"false\" Priority=\"66\" SemiHidden=\"false\"\r\n   UnhideWhenUsed=\"false\" Name=\"Medium List 2 Accent 3\"/>\r\n  <w:LsdException Locked=\"false\" Priority=\"67\" SemiHidden=\"false\"\r\n   UnhideWhenUsed=\"false\" Name=\"Medium Grid 1 Accent 3\"/>\r\n  <w:LsdException Locked=\"false\" Priority=\"68\" SemiHidden=\"false\"\r\n   UnhideWhenUsed=\"false\" Name=\"Medium Grid 2 Accent 3\"/>\r\n  <w:LsdException Locked=\"false\" Priority=\"69\" SemiHidden=\"false\"\r\n   UnhideWhenUsed=\"false\" Name=\"Medium Grid 3 Accent 3\"/>\r\n  <w:LsdException Locked=\"false\" Priority=\"70\" SemiHidden=\"false\"\r\n   UnhideWhenUsed=\"false\" Name=\"Dark List Accent 3\"/>\r\n  <w:LsdException Locked=\"false\" Priority=\"71\" SemiHidden=\"false\"\r\n   UnhideWhenUsed=\"false\" Name=\"Colorful Shading Accent 3\"/>\r\n  <w:LsdException Locked=\"false\" Priority=\"72\" SemiHidden=\"false\"\r\n   UnhideWhenUsed=\"false\" Name=\"Colorful List Accent 3\"/>\r\n  <w:LsdException Locked=\"false\" Priority=\"73\" SemiHidden=\"false\"\r\n   UnhideWhenUsed=\"false\" Name=\"Colorful Grid Accent 3\"/>\r\n  <w:LsdException Locked=\"false\" Priority=\"60\" SemiHidden=\"false\"\r\n   UnhideWhenUsed=\"false\" Name=\"Light Shading Accent 4\"/>\r\n  <w:LsdException Locked=\"false\" Priority=\"61\" SemiHidden=\"false\"\r\n   UnhideWhenUsed=\"false\" Name=\"Light List Accent 4\"/>\r\n  <w:LsdException Locked=\"false\" Priority=\"62\" SemiHidden=\"false\"\r\n   UnhideWhenUsed=\"false\" Name=\"Light Grid Accent 4\"/>\r\n  <w:LsdException Locked=\"false\" Priority=\"63\" SemiHidden=\"false\"\r\n   UnhideWhenUsed=\"false\" Name=\"Medium Shading 1 Accent 4\"/>\r\n  <w:LsdException Locked=\"false\" Priority=\"64\" SemiHidden=\"false\"\r\n   UnhideWhenUsed=\"false\" Name=\"Medium Shading 2 Accent 4\"/>\r\n  <w:LsdException Locked=\"false\" Priority=\"65\" SemiHidden=\"false\"\r\n   UnhideWhenUsed=\"false\" Name=\"Medium List 1 Accent 4\"/>\r\n  <w:LsdException Locked=\"false\" Priority=\"66\" SemiHidden=\"false\"\r\n   UnhideWhenUsed=\"false\" Name=\"Medium List 2 Accent 4\"/>\r\n  <w:LsdException Locked=\"false\" Priority=\"67\" SemiHidden=\"false\"\r\n   UnhideWhenUsed=\"false\" Name=\"Medium Grid 1 Accent 4\"/>\r\n  <w:LsdException Locked=\"false\" Priority=\"68\" SemiHidden=\"false\"\r\n   UnhideWhenUsed=\"false\" Name=\"Medium Grid 2 Accent 4\"/>\r\n  <w:LsdException Locked=\"false\" Priority=\"69\" SemiHidden=\"false\"\r\n   UnhideWhenUsed=\"false\" Name=\"Medium Grid 3 Accent 4\"/>\r\n  <w:LsdException Locked=\"false\" Priority=\"70\" SemiHidden=\"false\"\r\n   UnhideWhenUsed=\"false\" Name=\"Dark List Accent 4\"/>\r\n  <w:LsdException Locked=\"false\" Priority=\"71\" SemiHidden=\"false\"\r\n   UnhideWhenUsed=\"false\" Name=\"Colorful Shading Accent 4\"/>\r\n  <w:LsdException Locked=\"false\" Priority=\"72\" SemiHidden=\"false\"\r\n   UnhideWhenUsed=\"false\" Name=\"Colorful List Accent 4\"/>\r\n  <w:LsdException Locked=\"false\" Priority=\"73\" SemiHidden=\"false\"\r\n   UnhideWhenUsed=\"false\" Name=\"Colorful Grid Accent 4\"/>\r\n  <w:LsdException Locked=\"false\" Priority=\"60\" SemiHidden=\"false\"\r\n   UnhideWhenUsed=\"false\" Name=\"Light Shading Accent 5\"/>\r\n  <w:LsdException Locked=\"false\" Priority=\"61\" SemiHidden=\"false\"\r\n   UnhideWhenUsed=\"false\" Name=\"Light List Accent 5\"/>\r\n  <w:LsdException Locked=\"false\" Priority=\"62\" SemiHidden=\"false\"\r\n   UnhideWhenUsed=\"false\" Name=\"Light Grid Accent 5\"/>\r\n  <w:LsdException Locked=\"false\" Priority=\"63\" SemiHidden=\"false\"\r\n   UnhideWhenUsed=\"false\" Name=\"Medium Shading 1 Accent 5\"/>\r\n  <w:LsdException Locked=\"false\" Priority=\"64\" SemiHidden=\"false\"\r\n   UnhideWhenUsed=\"false\" Name=\"Medium Shading 2 Accent 5\"/>\r\n  <w:LsdException Locked=\"false\" Priority=\"65\" SemiHidden=\"false\"\r\n   UnhideWhenUsed=\"false\" Name=\"Medium List 1 Accent 5\"/>\r\n  <w:LsdException Locked=\"false\" Priority=\"66\" SemiHidden=\"false\"\r\n   UnhideWhenUsed=\"false\" Name=\"Medium List 2 Accent 5\"/>\r\n  <w:LsdException Locked=\"false\" Priority=\"67\" SemiHidden=\"false\"\r\n   UnhideWhenUsed=\"false\" Name=\"Medium Grid 1 Accent 5\"/>\r\n  <w:LsdException Locked=\"false\" Priority=\"68\" SemiHidden=\"false\"\r\n   UnhideWhenUsed=\"false\" Name=\"Medium Grid 2 Accent 5\"/>\r\n  <w:LsdException Locked=\"false\" Priority=\"69\" SemiHidden=\"false\"\r\n   UnhideWhenUsed=\"false\" Name=\"Medium Grid 3 Accent 5\"/>\r\n  <w:LsdException Locked=\"false\" Priority=\"70\" SemiHidden=\"false\"\r\n   UnhideWhenUsed=\"false\" Name=\"Dark List Accent 5\"/>\r\n  <w:LsdException Locked=\"false\" Priority=\"71\" SemiHidden=\"false\"\r\n   UnhideWhenUsed=\"false\" Name=\"Colorful Shading Accent 5\"/>\r\n  <w:LsdException Locked=\"false\" Priority=\"72\" SemiHidden=\"false\"\r\n   UnhideWhenUsed=\"false\" Name=\"Colorful List Accent 5\"/>\r\n  <w:LsdException Locked=\"false\" Priority=\"73\" SemiHidden=\"false\"\r\n   UnhideWhenUsed=\"false\" Name=\"Colorful Grid Accent 5\"/>\r\n  <w:LsdException Locked=\"false\" Priority=\"60\" SemiHidden=\"false\"\r\n   UnhideWhenUsed=\"false\" Name=\"Light Shading Accent 6\"/>\r\n  <w:LsdException Locked=\"false\" Priority=\"61\" SemiHidden=\"false\"\r\n   UnhideWhenUsed=\"false\" Name=\"Light List Accent 6\"/>\r\n  <w:LsdException Locked=\"false\" Priority=\"62\" SemiHidden=\"false\"\r\n   UnhideWhenUsed=\"false\" Name=\"Light Grid Accent 6\"/>\r\n  <w:LsdException Locked=\"false\" Priority=\"63\" SemiHidden=\"false\"\r\n   UnhideWhenUsed=\"false\" Name=\"Medium Shading 1 Accent 6\"/>\r\n  <w:LsdException Locked=\"false\" Priority=\"64\" SemiHidden=\"false\"\r\n   UnhideWhenUsed=\"false\" Name=\"Medium Shading 2 Accent 6\"/>\r\n  <w:LsdException Locked=\"false\" Priority=\"65\" SemiHidden=\"false\"\r\n   UnhideWhenUsed=\"false\" Name=\"Medium List 1 Accent 6\"/>\r\n  <w:LsdException Locked=\"false\" Priority=\"66\" SemiHidden=\"false\"\r\n   UnhideWhenUsed=\"false\" Name=\"Medium List 2 Accent 6\"/>\r\n  <w:LsdException Locked=\"false\" Priority=\"67\" SemiHidden=\"false\"\r\n   UnhideWhenUsed=\"false\" Name=\"Medium Grid 1 Accent 6\"/>\r\n  <w:LsdException Locked=\"false\" Priority=\"68\" SemiHidden=\"false\"\r\n   UnhideWhenUsed=\"false\" Name=\"Medium Grid 2 Accent 6\"/>\r\n  <w:LsdException Locked=\"false\" Priority=\"69\" SemiHidden=\"false\"\r\n   UnhideWhenUsed=\"false\" Name=\"Medium Grid 3 Accent 6\"/>\r\n  <w:LsdException Locked=\"false\" Priority=\"70\" SemiHidden=\"false\"\r\n   UnhideWhenUsed=\"false\" Name=\"Dark List Accent 6\"/>\r\n  <w:LsdException Locked=\"false\" Priority=\"71\" SemiHidden=\"false\"\r\n   UnhideWhenUsed=\"false\" Name=\"Colorful Shading Accent 6\"/>\r\n  <w:LsdException Locked=\"false\" Priority=\"72\" SemiHidden=\"false\"\r\n   UnhideWhenUsed=\"false\" Name=\"Colorful List Accent 6\"/>\r\n  <w:LsdException Locked=\"false\" Priority=\"73\" SemiHidden=\"false\"\r\n   UnhideWhenUsed=\"false\" Name=\"Colorful Grid Accent 6\"/>\r\n  <w:LsdException Locked=\"false\" Priority=\"19\" SemiHidden=\"false\"\r\n   UnhideWhenUsed=\"false\" QFormat=\"true\" Name=\"Subtle Emphasis\"/>\r\n  <w:LsdException Locked=\"false\" Priority=\"21\" SemiHidden=\"false\"\r\n   UnhideWhenUsed=\"false\" QFormat=\"true\" Name=\"Intense Emphasis\"/>\r\n  <w:LsdException Locked=\"false\" Priority=\"31\" SemiHidden=\"false\"\r\n   UnhideWhenUsed=\"false\" QFormat=\"true\" Name=\"Subtle Reference\"/>\r\n  <w:LsdException Locked=\"false\" Priority=\"32\" SemiHidden=\"false\"\r\n   UnhideWhenUsed=\"false\" QFormat=\"true\" Name=\"Intense Reference\"/>\r\n  <w:LsdException Locked=\"false\" Priority=\"33\" SemiHidden=\"false\"\r\n   UnhideWhenUsed=\"false\" QFormat=\"true\" Name=\"Book Title\"/>\r\n  <w:LsdException Locked=\"false\" Priority=\"37\" Name=\"Bibliography\"/>\r\n  <w:LsdException Locked=\"false\" Priority=\"39\" QFormat=\"true\" Name=\"TOC Heading\"/>\r\n </w:LatentStyles>\r\n</xml><![endif]--><!-- [if gte mso 10]>\r\n<style>\r\n /* Style Definitions */\r\ntable.MsoNormalTable\r\n	{mso-style-name:\"Table Normal\";\r\n	mso-tstyle-rowband-size:0;\r\n	mso-tstyle-colband-size:0;\r\n	mso-style-noshow:yes;\r\n	mso-style-priority:99;\r\n	mso-style-parent:\"\";\r\n	mso-padding-alt:0in 5.4pt 0in 5.4pt;\r\n	mso-para-margin-top:0in;\r\n	mso-para-margin-right:0in;\r\n	mso-para-margin-bottom:10.0pt;\r\n	mso-para-margin-left:0in;\r\n	line-height:115%;\r\n	mso-pagination:widow-orphan;\r\n	font-size:11.0pt;\r\n	font-family:Calibri;\r\n	mso-ascii-font-family:Calibri;\r\n	mso-ascii-theme-font:minor-latin;\r\n	mso-hansi-font-family:Calibri;\r\n	mso-hansi-theme-font:minor-latin;}\r\n</style>\r\n<![endif]--> <!--StartFragment--></p>\r\n<p style=\"background: white; margin: 4.5pt 0in 4.5pt 0in;\"><span style=\"font-size: 10.5pt; font-family: Helvetica; mso-bidi-font-family: Helvetica; color: #1d2129;\">2-Nights Accommodation + 2-Days Tour = P4,800/head</span></p>\r\n<p style=\"background: white; margin: 4.5pt 0in 4.5pt 0in;\"><span style=\"font-size: 10.5pt; font-family: Helvetica; mso-bidi-font-family: Helvetica; color: #1d2129;\">(minimum of 4pax)- Quad Sharing</span></p>\r\n<p style=\"background: white; margin: 0in 0in 4.5pt 0in;\"><span style=\"font-size: 10.5pt; font-family: \'inherit\',\'serif\'; mso-bidi-font-family: Helvetica; color: #1d2129;\">4,800/person- Quad Sharing (Van Tour with Tour Guide)</span></p>\r\n<p style=\"background: white; margin: 4.5pt 0in 4.5pt 0in;\"><span style=\"font-size: 10.5pt; font-family: \'inherit\',\'serif\'; mso-bidi-font-family: Helvetica; color: #1d2129;\">4,000/person -Triple Sharing (Tour via Tricycle w/o Tour Guide)</span></p>\r\n<p style=\"background: white; margin: 4.5pt 0in 4.5pt 0in;\"><span style=\"font-size: 10.5pt; font-family: \'inherit\',\'serif\'; mso-bidi-font-family: Helvetica; color: #1d2129;\">4,500/person- Twin Sharing (Tour via Tricycle w/o Tour Guide)</span></p>\r\n<p style=\"background: white; margin: 4.5pt 0in 4.5pt 0in;\"><span style=\"font-size: 10.5pt; font-family: \'inherit\',\'serif\'; mso-bidi-font-family: Helvetica; color: #1d2129;\">8,700/person- Solo (Tour via Tricycle w/o Tour Guide)</span></p>\r\n<p style=\"background: white; margin: 4.5pt 0in 4.5pt 0in;\"><span style=\"font-size: 10.5pt; font-family: \'inherit\',\'serif\'; mso-bidi-font-family: Helvetica; color: #1d2129;\">&nbsp;</span></p>\r\n<p style=\"background: white; margin: 4.5pt 0in 4.5pt 0in;\"><span style=\"font-size: 10.5pt; font-family: \'inherit\',\'serif\'; mso-bidi-font-family: Helvetica; color: #1d2129;\">Inclusions:</span></p>\r\n<p style=\"text-indent: -.25in; mso-list: l0 level1 lfo1; background: white; margin: 0in 0in .0001pt 39.0pt;\"><!-- [if !supportLists]--><span style=\"font-size: 10.5pt; font-family: Symbol; mso-fareast-font-family: Symbol; mso-bidi-font-family: Symbol; color: #1d2129;\"><span style=\"mso-list: Ignore;\">&middot;<span style=\"font: 7.0pt \'Times New Roman\';\">&nbsp;&nbsp;&nbsp;&nbsp;&nbsp;&nbsp; </span></span></span><!--[endif]--><span style=\"font-size: 10.5pt; font-family: \'inherit\',\'serif\'; mso-bidi-font-family: Helvetica; color: #1d2129;\">RT Airport Transfer</span></p>\r\n<p style=\"text-indent: -.25in; mso-list: l0 level1 lfo1; background: white; margin: 0in 0in .0001pt 39.0pt;\"><!-- [if !supportLists]--><span style=\"font-size: 10.5pt; font-family: Symbol; mso-fareast-font-family: Symbol; mso-bidi-font-family: Symbol; color: #1d2129;\"><span style=\"mso-list: Ignore;\">&middot;<span style=\"font: 7.0pt \'Times New Roman\';\">&nbsp;&nbsp;&nbsp;&nbsp;&nbsp;&nbsp; </span></span></span><!--[endif]--><span style=\"font-size: 10.5pt; font-family: \'inherit\',\'serif\'; mso-bidi-font-family: Helvetica; color: #1d2129;\">2Nights accommodation with daily breakfast (@ Nanay Cita\'s Homestay)</span></p>\r\n<p style=\"text-indent: -.25in; mso-list: l0 level1 lfo1; background: white; margin: 0in 0in .0001pt 39.0pt;\"><!-- [if !supportLists]--><span style=\"font-size: 10.5pt; font-family: Symbol; mso-fareast-font-family: Symbol; mso-bidi-font-family: Symbol; color: #1d2129;\"><span style=\"mso-list: Ignore;\">&middot;<span style=\"font: 7.0pt \'Times New Roman\';\">&nbsp;&nbsp;&nbsp;&nbsp;&nbsp;&nbsp; </span></span></span><!--[endif]--><span style=\"font-size: 10.5pt; font-family: \'inherit\',\'serif\'; mso-bidi-font-family: Helvetica; color: #1d2129;\">2-Days tour (North Batan &amp; South Batan tour) (via Van Tour or Tricycle Tour)</span></p>\r\n<p style=\"text-indent: -.25in; mso-list: l0 level1 lfo1; background: white; margin: 0in 0in .0001pt 39.0pt;\"><!-- [if !supportLists]--><span style=\"font-size: 10.5pt; font-family: Symbol; mso-fareast-font-family: Symbol; mso-bidi-font-family: Symbol; color: #1d2129;\"><span style=\"mso-list: Ignore;\">&middot;<span style=\"font: 7.0pt \'Times New Roman\';\">&nbsp;&nbsp;&nbsp;&nbsp;&nbsp;&nbsp; </span></span></span><!--[endif]--><span style=\"font-size: 10.5pt; font-family: \'inherit\',\'serif\'; mso-bidi-font-family: Helvetica; color: #1d2129;\"><span style=\"mso-spacerun: yes;\">&nbsp;</span>Tour Guide Services (For Van Tours Only)</span></p>\r\n<p style=\"text-indent: -.25in; mso-list: l0 level1 lfo1; background: white; margin: 0in 0in .0001pt 39.0pt;\"><!-- [if !supportLists]--><span style=\"font-size: 10.5pt; font-family: Symbol; mso-fareast-font-family: Symbol; mso-bidi-font-family: Symbol; color: #1d2129;\"><span style=\"mso-list: Ignore;\">&middot;<span style=\"font: 7.0pt \'Times New Roman\';\">&nbsp;&nbsp;&nbsp;&nbsp;&nbsp;&nbsp; </span></span></span><!--[endif]--><span style=\"font-size: 10.5pt; font-family: \'inherit\',\'serif\'; mso-bidi-font-family: Helvetica; color: #1d2129;\"><span style=\"mso-spacerun: yes;\">&nbsp;</span>RT Boatfare (OPTIONAL/ FOR SABTANG TOUR ONLY)</span></p>\r\n<p style=\"text-indent: -.25in; mso-list: l0 level1 lfo1; background: white; margin: 0in 0in .0001pt 39.0pt;\"><!-- [if !supportLists]--><span style=\"font-size: 10.5pt; font-family: Symbol; mso-fareast-font-family: Symbol; mso-bidi-font-family: Symbol; color: #1d2129;\"><span style=\"mso-list: Ignore;\">&middot;<span style=\"font: 7.0pt \'Times New Roman\';\">&nbsp;&nbsp;&nbsp;&nbsp;&nbsp;&nbsp; </span></span></span><!--[endif]--><span style=\"font-size: 10.5pt; font-family: \'inherit\',\'serif\'; mso-bidi-font-family: Helvetica; color: #1d2129;\">Environmental Fees</span></p>\r\n<p style=\"background: white; margin: 0in 0in .0001pt 39.0pt;\"><span style=\"font-size: 10.5pt; font-family: \'inherit\',\'serif\'; mso-bidi-font-family: Helvetica; color: #1d2129;\">&nbsp;</span></p>\r\n<p style=\"background: white; margin: 0in 0in .0001pt 39.0pt;\"><span style=\"font-size: 10.5pt; font-family: \'inherit\',\'serif\'; mso-bidi-font-family: Helvetica; color: #1d2129;\">&nbsp;</span></p>\r\n<p style=\"background: white; margin: 4.5pt 0in 4.5pt 0in;\"><span style=\"font-size: 10.5pt; font-family: \'inherit\',\'serif\'; mso-bidi-font-family: Helvetica; color: #1d2129;\">OPTIONAL TOUR:</span></p>\r\n<p style=\"background: white; margin: 4.5pt 0in 4.5pt 0in;\"><span style=\"font-size: 10.5pt; font-family: \'inherit\',\'serif\'; mso-bidi-font-family: Helvetica; color: #1d2129;\">SABTANG TOUR </span></p>\r\n<p style=\"background: white; margin: 4.5pt 0in 4.5pt 0in;\"><span style=\"font-size: 10.5pt; font-family: \'inherit\',\'serif\'; mso-bidi-font-family: Helvetica; color: #1d2129;\">&nbsp;</span></p>\r\n<p style=\"background: white; margin: 4.5pt 0in 4.5pt 0in;\"><span style=\"font-size: 10.5pt; font-family: \'inherit\',\'serif\'; mso-bidi-font-family: Helvetica; color: #1d2129;\">Exclusions:</span></p>\r\n<p style=\"text-indent: -.25in; mso-list: l1 level1 lfo2; background: white; margin: 0in 0in .0001pt .5in;\"><!-- [if !supportLists]--><span style=\"font-size: 10.5pt; font-family: Symbol; mso-fareast-font-family: Symbol; mso-bidi-font-family: Symbol; color: #1d2129;\"><span style=\"mso-list: Ignore;\">&middot;<span style=\"font: 7.0pt \'Times New Roman\';\">&nbsp;&nbsp;&nbsp;&nbsp;&nbsp;&nbsp; </span></span></span><!--[endif]--><span style=\"font-size: 10.5pt; font-family: \'inherit\',\'serif\'; mso-bidi-font-family: Helvetica; color: #1d2129;\">RT Airfare</span></p>\r\n<p style=\"text-indent: -.25in; mso-list: l1 level1 lfo2; background: white; margin: 0in 0in .0001pt .5in;\"><!-- [if !supportLists]--><span style=\"font-size: 10.5pt; font-family: Symbol; mso-fareast-font-family: Symbol; mso-bidi-font-family: Symbol; color: #1d2129;\"><span style=\"mso-list: Ignore;\">&middot;<span style=\"font: 7.0pt \'Times New Roman\';\">&nbsp;&nbsp;&nbsp;&nbsp;&nbsp;&nbsp; </span></span></span><!--[endif]--><span style=\"font-size: 10.5pt; font-family: \'inherit\',\'serif\'; mso-bidi-font-family: Helvetica; color: #1d2129;\">Lunch &amp; Dinner</span></p>\r\n<p style=\"text-indent: -.25in; mso-list: l1 level1 lfo2; background: white; margin: 0in 0in .0001pt .5in;\"><!-- [if !supportLists]--><span style=\"font-size: 10.5pt; font-family: Symbol; mso-fareast-font-family: Symbol; mso-bidi-font-family: Symbol; color: #1d2129;\"><span style=\"mso-list: Ignore;\">&middot;<span style=\"font: 7.0pt \'Times New Roman\';\">&nbsp;&nbsp;&nbsp;&nbsp;&nbsp;&nbsp; </span></span></span><!--[endif]--><span style=\"font-size: 10.5pt; font-family: \'inherit\',\'serif\'; mso-bidi-font-family: Helvetica; color: #1d2129;\">Eco Tourism Fee P400 (upon arrival)</span></p>\r\n<p style=\"text-indent: -.25in; mso-list: l1 level1 lfo2; background: white; margin: 0in 0in .0001pt .5in;\"><!-- [if !supportLists]--><span style=\"font-size: 10.5pt; font-family: Symbol; mso-fareast-font-family: Symbol; mso-bidi-font-family: Symbol; color: #1d2129;\"><span style=\"mso-list: Ignore;\">&middot;<span style=\"font: 7.0pt \'Times New Roman\';\">&nbsp;&nbsp;&nbsp;&nbsp;&nbsp;&nbsp; </span></span></span><!--[endif]--><span style=\"font-size: 10.5pt; font-family: \'inherit\',\'serif\'; mso-bidi-font-family: Helvetica; color: #1d2129;\">SABTANG TOUR</span></p>\r\n<p style=\"background: white; margin: 0in 0in .0001pt .5in;\"><span style=\"font-size: 10.5pt; font-family: \'inherit\',\'serif\'; mso-bidi-font-family: Helvetica; color: #1d2129;\">&nbsp;</span></p>\r\n<p style=\"background: white; margin: 0in 0in .0001pt .5in;\"><span style=\"font-size: 10.5pt; font-family: \'inherit\',\'serif\'; mso-bidi-font-family: Helvetica; color: #1d2129;\">&nbsp;</span></p>\r\n<p style=\"background: white; margin: 4.5pt 0in 4.5pt 0in;\"><span style=\"font-size: 10.5pt; font-family: \'inherit\',\'serif\'; mso-bidi-font-family: Helvetica; color: #1d2129;\">Note: Subject to availability / Room based on Quad Sharing.</span></p>\r\n<p style=\"background: white; margin: 4.5pt 0in 4.5pt 0in;\"><span style=\"font-size: 10.5pt; font-family: \'inherit\',\'serif\'; mso-bidi-font-family: Helvetica; color: #1d2129;\">&nbsp;</span></p>\r\n<p style=\"background: white; margin: 4.5pt 0in 4.5pt 0in;\"><span style=\"font-size: 10.5pt; font-family: \'inherit\',\'serif\'; mso-bidi-font-family: Helvetica; color: #1d2129;\">DOMESTIC INQUIRIES: </span></p>\r\n<p style=\"background: white; margin: 4.5pt 0in 4.5pt 0in;\"><span style=\"font-size: 10.5pt; font-family: \'inherit\',\'serif\'; mso-bidi-font-family: Helvetica; color: #1d2129;\">Email address: </span><a href=\"mailto:capturedmemoriestravelandtours@gmail.com\"><span style=\"font-size: 10.5pt; font-family: \'inherit\',\'serif\'; mso-bidi-font-family: Helvetica;\">capturedmemoriestravelandtours@gmail.com</span></a></p>\r\n<p style=\"background: white; margin: 4.5pt 0in 4.5pt 0in;\"><span style=\"font-size: 10.5pt; font-family: \'inherit\',\'serif\'; mso-bidi-font-family: Helvetica; color: #1d2129;\">Facebook: Captured Memories Travel and Tours</span></p>\r\n<p style=\"background: white; margin: 4.5pt 0in 4.5pt 0in;\"><span style=\"font-size: 10.5pt; font-family: \'inherit\',\'serif\'; mso-bidi-font-family: Helvetica; color: #1d2129;\">Landline no.: (02) 9178134</span></p>\r\n<p style=\"background: white; margin: 4.5pt 0in 4.5pt 0in;\"><span style=\"font-size: 10.5pt; font-family: \'inherit\',\'serif\'; mso-bidi-font-family: Helvetica; color: #1d2129;\">Phone no.: +63 9155018187 (GLOBE)</span></p>\r\n<p style=\"background: white; margin: 4.5pt 0in 4.5pt 0in;\"><span style=\"font-size: 10.5pt; font-family: \'inherit\',\'serif\'; mso-bidi-font-family: Helvetica; color: #1d2129;\"><span style=\"mso-tab-count: 1;\">&nbsp;&nbsp;&nbsp;&nbsp;&nbsp;&nbsp;&nbsp;&nbsp;&nbsp;&nbsp;&nbsp; </span><span style=\"mso-spacerun: yes;\">&nbsp;&nbsp;&nbsp;&nbsp; </span>+63 9164847665 (GLOBE)</span></p>\r\n<p><!--EndFragment--></p>','2019-07-19','2019-08-02','2020','/Applications/MAMP/htdocs/capture_memories/admin/../public/images/tour/batanes.png','/capture_memories/public/images/tour/batanes.png','active','2019-07-07 20:26:28','2019-07-21 14:44:06','0000-00-00 00:00:00'),
	(39,8,'3D2N HONG KONG PACKAGE via HONG KONG AIRLINES  w/ ','<p><!-- [if gte mso 9]><xml>\r\n <o:DocumentProperties>\r\n  <o:Revision>0</o:Revision>\r\n  <o:TotalTime>0</o:TotalTime>\r\n  <o:Pages>1</o:Pages>\r\n  <o:Words>120</o:Words>\r\n  <o:Characters>690</o:Characters>\r\n  <o:Company>a99</o:Company>\r\n  <o:Lines>5</o:Lines>\r\n  <o:Paragraphs>1</o:Paragraphs>\r\n  <o:CharactersWithSpaces>809</o:CharactersWithSpaces>\r\n  <o:Version>14.0</o:Version>\r\n </o:DocumentProperties>\r\n <o:OfficeDocumentSettings>\r\n  <o:AllowPNG/>\r\n </o:OfficeDocumentSettings>\r\n</xml><![endif]--> <!-- [if gte mso 9]><xml>\r\n <w:WordDocument>\r\n  <w:View>Normal</w:View>\r\n  <w:Zoom>0</w:Zoom>\r\n  <w:TrackMoves/>\r\n  <w:TrackFormatting/>\r\n  <w:PunctuationKerning/>\r\n  <w:ValidateAgainstSchemas/>\r\n  <w:SaveIfXMLInvalid>false</w:SaveIfXMLInvalid>\r\n  <w:IgnoreMixedContent>false</w:IgnoreMixedContent>\r\n  <w:AlwaysShowPlaceholderText>false</w:AlwaysShowPlaceholderText>\r\n  <w:DoNotPromoteQF/>\r\n  <w:LidThemeOther>EN-US</w:LidThemeOther>\r\n  <w:LidThemeAsian>JA</w:LidThemeAsian>\r\n  <w:LidThemeComplexScript>X-NONE</w:LidThemeComplexScript>\r\n  <w:Compatibility>\r\n   <w:BreakWrappedTables/>\r\n   <w:SnapToGridInCell/>\r\n   <w:WrapTextWithPunct/>\r\n   <w:UseAsianBreakRules/>\r\n   <w:DontGrowAutofit/>\r\n   <w:SplitPgBreakAndParaMark/>\r\n   <w:EnableOpenTypeKerning/>\r\n   <w:DontFlipMirrorIndents/>\r\n   <w:OverrideTableStyleHps/>\r\n  </w:Compatibility>\r\n  <m:mathPr>\r\n   <m:mathFont m:val=\"Cambria Math\"/>\r\n   <m:brkBin m:val=\"before\"/>\r\n   <m:brkBinSub m:val=\"&#45;-\"/>\r\n   <m:smallFrac m:val=\"off\"/>\r\n   <m:dispDef/>\r\n   <m:lMargin m:val=\"0\"/>\r\n   <m:rMargin m:val=\"0\"/>\r\n   <m:defJc m:val=\"centerGroup\"/>\r\n   <m:wrapIndent m:val=\"1440\"/>\r\n   <m:intLim m:val=\"subSup\"/>\r\n   <m:naryLim m:val=\"undOvr\"/>\r\n  </m:mathPr></w:WordDocument>\r\n</xml><![endif]--><!-- [if gte mso 9]><xml>\r\n <w:LatentStyles DefLockedState=\"false\" DefUnhideWhenUsed=\"true\"\r\n  DefSemiHidden=\"true\" DefQFormat=\"false\" DefPriority=\"99\"\r\n  LatentStyleCount=\"276\">\r\n  <w:LsdException Locked=\"false\" Priority=\"0\" SemiHidden=\"false\"\r\n   UnhideWhenUsed=\"false\" QFormat=\"true\" Name=\"Normal\"/>\r\n  <w:LsdException Locked=\"false\" Priority=\"9\" SemiHidden=\"false\"\r\n   UnhideWhenUsed=\"false\" QFormat=\"true\" Name=\"heading 1\"/>\r\n  <w:LsdException Locked=\"false\" Priority=\"9\" QFormat=\"true\" Name=\"heading 2\"/>\r\n  <w:LsdException Locked=\"false\" Priority=\"9\" QFormat=\"true\" Name=\"heading 3\"/>\r\n  <w:LsdException Locked=\"false\" Priority=\"9\" QFormat=\"true\" Name=\"heading 4\"/>\r\n  <w:LsdException Locked=\"false\" Priority=\"9\" QFormat=\"true\" Name=\"heading 5\"/>\r\n  <w:LsdException Locked=\"false\" Priority=\"9\" QFormat=\"true\" Name=\"heading 6\"/>\r\n  <w:LsdException Locked=\"false\" Priority=\"9\" QFormat=\"true\" Name=\"heading 7\"/>\r\n  <w:LsdException Locked=\"false\" Priority=\"9\" QFormat=\"true\" Name=\"heading 8\"/>\r\n  <w:LsdException Locked=\"false\" Priority=\"9\" QFormat=\"true\" Name=\"heading 9\"/>\r\n  <w:LsdException Locked=\"false\" Priority=\"39\" Name=\"toc 1\"/>\r\n  <w:LsdException Locked=\"false\" Priority=\"39\" Name=\"toc 2\"/>\r\n  <w:LsdException Locked=\"false\" Priority=\"39\" Name=\"toc 3\"/>\r\n  <w:LsdException Locked=\"false\" Priority=\"39\" Name=\"toc 4\"/>\r\n  <w:LsdException Locked=\"false\" Priority=\"39\" Name=\"toc 5\"/>\r\n  <w:LsdException Locked=\"false\" Priority=\"39\" Name=\"toc 6\"/>\r\n  <w:LsdException Locked=\"false\" Priority=\"39\" Name=\"toc 7\"/>\r\n  <w:LsdException Locked=\"false\" Priority=\"39\" Name=\"toc 8\"/>\r\n  <w:LsdException Locked=\"false\" Priority=\"39\" Name=\"toc 9\"/>\r\n  <w:LsdException Locked=\"false\" Priority=\"35\" QFormat=\"true\" Name=\"caption\"/>\r\n  <w:LsdException Locked=\"false\" Priority=\"10\" SemiHidden=\"false\"\r\n   UnhideWhenUsed=\"false\" QFormat=\"true\" Name=\"Title\"/>\r\n  <w:LsdException Locked=\"false\" Priority=\"1\" Name=\"Default Paragraph Font\"/>\r\n  <w:LsdException Locked=\"false\" Priority=\"11\" SemiHidden=\"false\"\r\n   UnhideWhenUsed=\"false\" QFormat=\"true\" Name=\"Subtitle\"/>\r\n  <w:LsdException Locked=\"false\" Priority=\"22\" SemiHidden=\"false\"\r\n   UnhideWhenUsed=\"false\" QFormat=\"true\" Name=\"Strong\"/>\r\n  <w:LsdException Locked=\"false\" Priority=\"20\" SemiHidden=\"false\"\r\n   UnhideWhenUsed=\"false\" QFormat=\"true\" Name=\"Emphasis\"/>\r\n  <w:LsdException Locked=\"false\" Priority=\"59\" SemiHidden=\"false\"\r\n   UnhideWhenUsed=\"false\" Name=\"Table Grid\"/>\r\n  <w:LsdException Locked=\"false\" UnhideWhenUsed=\"false\" Name=\"Placeholder Text\"/>\r\n  <w:LsdException Locked=\"false\" Priority=\"1\" SemiHidden=\"false\"\r\n   UnhideWhenUsed=\"false\" QFormat=\"true\" Name=\"No Spacing\"/>\r\n  <w:LsdException Locked=\"false\" Priority=\"60\" SemiHidden=\"false\"\r\n   UnhideWhenUsed=\"false\" Name=\"Light Shading\"/>\r\n  <w:LsdException Locked=\"false\" Priority=\"61\" SemiHidden=\"false\"\r\n   UnhideWhenUsed=\"false\" Name=\"Light List\"/>\r\n  <w:LsdException Locked=\"false\" Priority=\"62\" SemiHidden=\"false\"\r\n   UnhideWhenUsed=\"false\" Name=\"Light Grid\"/>\r\n  <w:LsdException Locked=\"false\" Priority=\"63\" SemiHidden=\"false\"\r\n   UnhideWhenUsed=\"false\" Name=\"Medium Shading 1\"/>\r\n  <w:LsdException Locked=\"false\" Priority=\"64\" SemiHidden=\"false\"\r\n   UnhideWhenUsed=\"false\" Name=\"Medium Shading 2\"/>\r\n  <w:LsdException Locked=\"false\" Priority=\"65\" SemiHidden=\"false\"\r\n   UnhideWhenUsed=\"false\" Name=\"Medium List 1\"/>\r\n  <w:LsdException Locked=\"false\" Priority=\"66\" SemiHidden=\"false\"\r\n   UnhideWhenUsed=\"false\" Name=\"Medium List 2\"/>\r\n  <w:LsdException Locked=\"false\" Priority=\"67\" SemiHidden=\"false\"\r\n   UnhideWhenUsed=\"false\" Name=\"Medium Grid 1\"/>\r\n  <w:LsdException Locked=\"false\" Priority=\"68\" SemiHidden=\"false\"\r\n   UnhideWhenUsed=\"false\" Name=\"Medium Grid 2\"/>\r\n  <w:LsdException Locked=\"false\" Priority=\"69\" SemiHidden=\"false\"\r\n   UnhideWhenUsed=\"false\" Name=\"Medium Grid 3\"/>\r\n  <w:LsdException Locked=\"false\" Priority=\"70\" SemiHidden=\"false\"\r\n   UnhideWhenUsed=\"false\" Name=\"Dark List\"/>\r\n  <w:LsdException Locked=\"false\" Priority=\"71\" SemiHidden=\"false\"\r\n   UnhideWhenUsed=\"false\" Name=\"Colorful Shading\"/>\r\n  <w:LsdException Locked=\"false\" Priority=\"72\" SemiHidden=\"false\"\r\n   UnhideWhenUsed=\"false\" Name=\"Colorful List\"/>\r\n  <w:LsdException Locked=\"false\" Priority=\"73\" SemiHidden=\"false\"\r\n   UnhideWhenUsed=\"false\" Name=\"Colorful Grid\"/>\r\n  <w:LsdException Locked=\"false\" Priority=\"60\" SemiHidden=\"false\"\r\n   UnhideWhenUsed=\"false\" Name=\"Light Shading Accent 1\"/>\r\n  <w:LsdException Locked=\"false\" Priority=\"61\" SemiHidden=\"false\"\r\n   UnhideWhenUsed=\"false\" Name=\"Light List Accent 1\"/>\r\n  <w:LsdException Locked=\"false\" Priority=\"62\" SemiHidden=\"false\"\r\n   UnhideWhenUsed=\"false\" Name=\"Light Grid Accent 1\"/>\r\n  <w:LsdException Locked=\"false\" Priority=\"63\" SemiHidden=\"false\"\r\n   UnhideWhenUsed=\"false\" Name=\"Medium Shading 1 Accent 1\"/>\r\n  <w:LsdException Locked=\"false\" Priority=\"64\" SemiHidden=\"false\"\r\n   UnhideWhenUsed=\"false\" Name=\"Medium Shading 2 Accent 1\"/>\r\n  <w:LsdException Locked=\"false\" Priority=\"65\" SemiHidden=\"false\"\r\n   UnhideWhenUsed=\"false\" Name=\"Medium List 1 Accent 1\"/>\r\n  <w:LsdException Locked=\"false\" UnhideWhenUsed=\"false\" Name=\"Revision\"/>\r\n  <w:LsdException Locked=\"false\" Priority=\"34\" SemiHidden=\"false\"\r\n   UnhideWhenUsed=\"false\" QFormat=\"true\" Name=\"List Paragraph\"/>\r\n  <w:LsdException Locked=\"false\" Priority=\"29\" SemiHidden=\"false\"\r\n   UnhideWhenUsed=\"false\" QFormat=\"true\" Name=\"Quote\"/>\r\n  <w:LsdException Locked=\"false\" Priority=\"30\" SemiHidden=\"false\"\r\n   UnhideWhenUsed=\"false\" QFormat=\"true\" Name=\"Intense Quote\"/>\r\n  <w:LsdException Locked=\"false\" Priority=\"66\" SemiHidden=\"false\"\r\n   UnhideWhenUsed=\"false\" Name=\"Medium List 2 Accent 1\"/>\r\n  <w:LsdException Locked=\"false\" Priority=\"67\" SemiHidden=\"false\"\r\n   UnhideWhenUsed=\"false\" Name=\"Medium Grid 1 Accent 1\"/>\r\n  <w:LsdException Locked=\"false\" Priority=\"68\" SemiHidden=\"false\"\r\n   UnhideWhenUsed=\"false\" Name=\"Medium Grid 2 Accent 1\"/>\r\n  <w:LsdException Locked=\"false\" Priority=\"69\" SemiHidden=\"false\"\r\n   UnhideWhenUsed=\"false\" Name=\"Medium Grid 3 Accent 1\"/>\r\n  <w:LsdException Locked=\"false\" Priority=\"70\" SemiHidden=\"false\"\r\n   UnhideWhenUsed=\"false\" Name=\"Dark List Accent 1\"/>\r\n  <w:LsdException Locked=\"false\" Priority=\"71\" SemiHidden=\"false\"\r\n   UnhideWhenUsed=\"false\" Name=\"Colorful Shading Accent 1\"/>\r\n  <w:LsdException Locked=\"false\" Priority=\"72\" SemiHidden=\"false\"\r\n   UnhideWhenUsed=\"false\" Name=\"Colorful List Accent 1\"/>\r\n  <w:LsdException Locked=\"false\" Priority=\"73\" SemiHidden=\"false\"\r\n   UnhideWhenUsed=\"false\" Name=\"Colorful Grid Accent 1\"/>\r\n  <w:LsdException Locked=\"false\" Priority=\"60\" SemiHidden=\"false\"\r\n   UnhideWhenUsed=\"false\" Name=\"Light Shading Accent 2\"/>\r\n  <w:LsdException Locked=\"false\" Priority=\"61\" SemiHidden=\"false\"\r\n   UnhideWhenUsed=\"false\" Name=\"Light List Accent 2\"/>\r\n  <w:LsdException Locked=\"false\" Priority=\"62\" SemiHidden=\"false\"\r\n   UnhideWhenUsed=\"false\" Name=\"Light Grid Accent 2\"/>\r\n  <w:LsdException Locked=\"false\" Priority=\"63\" SemiHidden=\"false\"\r\n   UnhideWhenUsed=\"false\" Name=\"Medium Shading 1 Accent 2\"/>\r\n  <w:LsdException Locked=\"false\" Priority=\"64\" SemiHidden=\"false\"\r\n   UnhideWhenUsed=\"false\" Name=\"Medium Shading 2 Accent 2\"/>\r\n  <w:LsdException Locked=\"false\" Priority=\"65\" SemiHidden=\"false\"\r\n   UnhideWhenUsed=\"false\" Name=\"Medium List 1 Accent 2\"/>\r\n  <w:LsdException Locked=\"false\" Priority=\"66\" SemiHidden=\"false\"\r\n   UnhideWhenUsed=\"false\" Name=\"Medium List 2 Accent 2\"/>\r\n  <w:LsdException Locked=\"false\" Priority=\"67\" SemiHidden=\"false\"\r\n   UnhideWhenUsed=\"false\" Name=\"Medium Grid 1 Accent 2\"/>\r\n  <w:LsdException Locked=\"false\" Priority=\"68\" SemiHidden=\"false\"\r\n   UnhideWhenUsed=\"false\" Name=\"Medium Grid 2 Accent 2\"/>\r\n  <w:LsdException Locked=\"false\" Priority=\"69\" SemiHidden=\"false\"\r\n   UnhideWhenUsed=\"false\" Name=\"Medium Grid 3 Accent 2\"/>\r\n  <w:LsdException Locked=\"false\" Priority=\"70\" SemiHidden=\"false\"\r\n   UnhideWhenUsed=\"false\" Name=\"Dark List Accent 2\"/>\r\n  <w:LsdException Locked=\"false\" Priority=\"71\" SemiHidden=\"false\"\r\n   UnhideWhenUsed=\"false\" Name=\"Colorful Shading Accent 2\"/>\r\n  <w:LsdException Locked=\"false\" Priority=\"72\" SemiHidden=\"false\"\r\n   UnhideWhenUsed=\"false\" Name=\"Colorful List Accent 2\"/>\r\n  <w:LsdException Locked=\"false\" Priority=\"73\" SemiHidden=\"false\"\r\n   UnhideWhenUsed=\"false\" Name=\"Colorful Grid Accent 2\"/>\r\n  <w:LsdException Locked=\"false\" Priority=\"60\" SemiHidden=\"false\"\r\n   UnhideWhenUsed=\"false\" Name=\"Light Shading Accent 3\"/>\r\n  <w:LsdException Locked=\"false\" Priority=\"61\" SemiHidden=\"false\"\r\n   UnhideWhenUsed=\"false\" Name=\"Light List Accent 3\"/>\r\n  <w:LsdException Locked=\"false\" Priority=\"62\" SemiHidden=\"false\"\r\n   UnhideWhenUsed=\"false\" Name=\"Light Grid Accent 3\"/>\r\n  <w:LsdException Locked=\"false\" Priority=\"63\" SemiHidden=\"false\"\r\n   UnhideWhenUsed=\"false\" Name=\"Medium Shading 1 Accent 3\"/>\r\n  <w:LsdException Locked=\"false\" Priority=\"64\" SemiHidden=\"false\"\r\n   UnhideWhenUsed=\"false\" Name=\"Medium Shading 2 Accent 3\"/>\r\n  <w:LsdException Locked=\"false\" Priority=\"65\" SemiHidden=\"false\"\r\n   UnhideWhenUsed=\"false\" Name=\"Medium List 1 Accent 3\"/>\r\n  <w:LsdException Locked=\"false\" Priority=\"66\" SemiHidden=\"false\"\r\n   UnhideWhenUsed=\"false\" Name=\"Medium List 2 Accent 3\"/>\r\n  <w:LsdException Locked=\"false\" Priority=\"67\" SemiHidden=\"false\"\r\n   UnhideWhenUsed=\"false\" Name=\"Medium Grid 1 Accent 3\"/>\r\n  <w:LsdException Locked=\"false\" Priority=\"68\" SemiHidden=\"false\"\r\n   UnhideWhenUsed=\"false\" Name=\"Medium Grid 2 Accent 3\"/>\r\n  <w:LsdException Locked=\"false\" Priority=\"69\" SemiHidden=\"false\"\r\n   UnhideWhenUsed=\"false\" Name=\"Medium Grid 3 Accent 3\"/>\r\n  <w:LsdException Locked=\"false\" Priority=\"70\" SemiHidden=\"false\"\r\n   UnhideWhenUsed=\"false\" Name=\"Dark List Accent 3\"/>\r\n  <w:LsdException Locked=\"false\" Priority=\"71\" SemiHidden=\"false\"\r\n   UnhideWhenUsed=\"false\" Name=\"Colorful Shading Accent 3\"/>\r\n  <w:LsdException Locked=\"false\" Priority=\"72\" SemiHidden=\"false\"\r\n   UnhideWhenUsed=\"false\" Name=\"Colorful List Accent 3\"/>\r\n  <w:LsdException Locked=\"false\" Priority=\"73\" SemiHidden=\"false\"\r\n   UnhideWhenUsed=\"false\" Name=\"Colorful Grid Accent 3\"/>\r\n  <w:LsdException Locked=\"false\" Priority=\"60\" SemiHidden=\"false\"\r\n   UnhideWhenUsed=\"false\" Name=\"Light Shading Accent 4\"/>\r\n  <w:LsdException Locked=\"false\" Priority=\"61\" SemiHidden=\"false\"\r\n   UnhideWhenUsed=\"false\" Name=\"Light List Accent 4\"/>\r\n  <w:LsdException Locked=\"false\" Priority=\"62\" SemiHidden=\"false\"\r\n   UnhideWhenUsed=\"false\" Name=\"Light Grid Accent 4\"/>\r\n  <w:LsdException Locked=\"false\" Priority=\"63\" SemiHidden=\"false\"\r\n   UnhideWhenUsed=\"false\" Name=\"Medium Shading 1 Accent 4\"/>\r\n  <w:LsdException Locked=\"false\" Priority=\"64\" SemiHidden=\"false\"\r\n   UnhideWhenUsed=\"false\" Name=\"Medium Shading 2 Accent 4\"/>\r\n  <w:LsdException Locked=\"false\" Priority=\"65\" SemiHidden=\"false\"\r\n   UnhideWhenUsed=\"false\" Name=\"Medium List 1 Accent 4\"/>\r\n  <w:LsdException Locked=\"false\" Priority=\"66\" SemiHidden=\"false\"\r\n   UnhideWhenUsed=\"false\" Name=\"Medium List 2 Accent 4\"/>\r\n  <w:LsdException Locked=\"false\" Priority=\"67\" SemiHidden=\"false\"\r\n   UnhideWhenUsed=\"false\" Name=\"Medium Grid 1 Accent 4\"/>\r\n  <w:LsdException Locked=\"false\" Priority=\"68\" SemiHidden=\"false\"\r\n   UnhideWhenUsed=\"false\" Name=\"Medium Grid 2 Accent 4\"/>\r\n  <w:LsdException Locked=\"false\" Priority=\"69\" SemiHidden=\"false\"\r\n   UnhideWhenUsed=\"false\" Name=\"Medium Grid 3 Accent 4\"/>\r\n  <w:LsdException Locked=\"false\" Priority=\"70\" SemiHidden=\"false\"\r\n   UnhideWhenUsed=\"false\" Name=\"Dark List Accent 4\"/>\r\n  <w:LsdException Locked=\"false\" Priority=\"71\" SemiHidden=\"false\"\r\n   UnhideWhenUsed=\"false\" Name=\"Colorful Shading Accent 4\"/>\r\n  <w:LsdException Locked=\"false\" Priority=\"72\" SemiHidden=\"false\"\r\n   UnhideWhenUsed=\"false\" Name=\"Colorful List Accent 4\"/>\r\n  <w:LsdException Locked=\"false\" Priority=\"73\" SemiHidden=\"false\"\r\n   UnhideWhenUsed=\"false\" Name=\"Colorful Grid Accent 4\"/>\r\n  <w:LsdException Locked=\"false\" Priority=\"60\" SemiHidden=\"false\"\r\n   UnhideWhenUsed=\"false\" Name=\"Light Shading Accent 5\"/>\r\n  <w:LsdException Locked=\"false\" Priority=\"61\" SemiHidden=\"false\"\r\n   UnhideWhenUsed=\"false\" Name=\"Light List Accent 5\"/>\r\n  <w:LsdException Locked=\"false\" Priority=\"62\" SemiHidden=\"false\"\r\n   UnhideWhenUsed=\"false\" Name=\"Light Grid Accent 5\"/>\r\n  <w:LsdException Locked=\"false\" Priority=\"63\" SemiHidden=\"false\"\r\n   UnhideWhenUsed=\"false\" Name=\"Medium Shading 1 Accent 5\"/>\r\n  <w:LsdException Locked=\"false\" Priority=\"64\" SemiHidden=\"false\"\r\n   UnhideWhenUsed=\"false\" Name=\"Medium Shading 2 Accent 5\"/>\r\n  <w:LsdException Locked=\"false\" Priority=\"65\" SemiHidden=\"false\"\r\n   UnhideWhenUsed=\"false\" Name=\"Medium List 1 Accent 5\"/>\r\n  <w:LsdException Locked=\"false\" Priority=\"66\" SemiHidden=\"false\"\r\n   UnhideWhenUsed=\"false\" Name=\"Medium List 2 Accent 5\"/>\r\n  <w:LsdException Locked=\"false\" Priority=\"67\" SemiHidden=\"false\"\r\n   UnhideWhenUsed=\"false\" Name=\"Medium Grid 1 Accent 5\"/>\r\n  <w:LsdException Locked=\"false\" Priority=\"68\" SemiHidden=\"false\"\r\n   UnhideWhenUsed=\"false\" Name=\"Medium Grid 2 Accent 5\"/>\r\n  <w:LsdException Locked=\"false\" Priority=\"69\" SemiHidden=\"false\"\r\n   UnhideWhenUsed=\"false\" Name=\"Medium Grid 3 Accent 5\"/>\r\n  <w:LsdException Locked=\"false\" Priority=\"70\" SemiHidden=\"false\"\r\n   UnhideWhenUsed=\"false\" Name=\"Dark List Accent 5\"/>\r\n  <w:LsdException Locked=\"false\" Priority=\"71\" SemiHidden=\"false\"\r\n   UnhideWhenUsed=\"false\" Name=\"Colorful Shading Accent 5\"/>\r\n  <w:LsdException Locked=\"false\" Priority=\"72\" SemiHidden=\"false\"\r\n   UnhideWhenUsed=\"false\" Name=\"Colorful List Accent 5\"/>\r\n  <w:LsdException Locked=\"false\" Priority=\"73\" SemiHidden=\"false\"\r\n   UnhideWhenUsed=\"false\" Name=\"Colorful Grid Accent 5\"/>\r\n  <w:LsdException Locked=\"false\" Priority=\"60\" SemiHidden=\"false\"\r\n   UnhideWhenUsed=\"false\" Name=\"Light Shading Accent 6\"/>\r\n  <w:LsdException Locked=\"false\" Priority=\"61\" SemiHidden=\"false\"\r\n   UnhideWhenUsed=\"false\" Name=\"Light List Accent 6\"/>\r\n  <w:LsdException Locked=\"false\" Priority=\"62\" SemiHidden=\"false\"\r\n   UnhideWhenUsed=\"false\" Name=\"Light Grid Accent 6\"/>\r\n  <w:LsdException Locked=\"false\" Priority=\"63\" SemiHidden=\"false\"\r\n   UnhideWhenUsed=\"false\" Name=\"Medium Shading 1 Accent 6\"/>\r\n  <w:LsdException Locked=\"false\" Priority=\"64\" SemiHidden=\"false\"\r\n   UnhideWhenUsed=\"false\" Name=\"Medium Shading 2 Accent 6\"/>\r\n  <w:LsdException Locked=\"false\" Priority=\"65\" SemiHidden=\"false\"\r\n   UnhideWhenUsed=\"false\" Name=\"Medium List 1 Accent 6\"/>\r\n  <w:LsdException Locked=\"false\" Priority=\"66\" SemiHidden=\"false\"\r\n   UnhideWhenUsed=\"false\" Name=\"Medium List 2 Accent 6\"/>\r\n  <w:LsdException Locked=\"false\" Priority=\"67\" SemiHidden=\"false\"\r\n   UnhideWhenUsed=\"false\" Name=\"Medium Grid 1 Accent 6\"/>\r\n  <w:LsdException Locked=\"false\" Priority=\"68\" SemiHidden=\"false\"\r\n   UnhideWhenUsed=\"false\" Name=\"Medium Grid 2 Accent 6\"/>\r\n  <w:LsdException Locked=\"false\" Priority=\"69\" SemiHidden=\"false\"\r\n   UnhideWhenUsed=\"false\" Name=\"Medium Grid 3 Accent 6\"/>\r\n  <w:LsdException Locked=\"false\" Priority=\"70\" SemiHidden=\"false\"\r\n   UnhideWhenUsed=\"false\" Name=\"Dark List Accent 6\"/>\r\n  <w:LsdException Locked=\"false\" Priority=\"71\" SemiHidden=\"false\"\r\n   UnhideWhenUsed=\"false\" Name=\"Colorful Shading Accent 6\"/>\r\n  <w:LsdException Locked=\"false\" Priority=\"72\" SemiHidden=\"false\"\r\n   UnhideWhenUsed=\"false\" Name=\"Colorful List Accent 6\"/>\r\n  <w:LsdException Locked=\"false\" Priority=\"73\" SemiHidden=\"false\"\r\n   UnhideWhenUsed=\"false\" Name=\"Colorful Grid Accent 6\"/>\r\n  <w:LsdException Locked=\"false\" Priority=\"19\" SemiHidden=\"false\"\r\n   UnhideWhenUsed=\"false\" QFormat=\"true\" Name=\"Subtle Emphasis\"/>\r\n  <w:LsdException Locked=\"false\" Priority=\"21\" SemiHidden=\"false\"\r\n   UnhideWhenUsed=\"false\" QFormat=\"true\" Name=\"Intense Emphasis\"/>\r\n  <w:LsdException Locked=\"false\" Priority=\"31\" SemiHidden=\"false\"\r\n   UnhideWhenUsed=\"false\" QFormat=\"true\" Name=\"Subtle Reference\"/>\r\n  <w:LsdException Locked=\"false\" Priority=\"32\" SemiHidden=\"false\"\r\n   UnhideWhenUsed=\"false\" QFormat=\"true\" Name=\"Intense Reference\"/>\r\n  <w:LsdException Locked=\"false\" Priority=\"33\" SemiHidden=\"false\"\r\n   UnhideWhenUsed=\"false\" QFormat=\"true\" Name=\"Book Title\"/>\r\n  <w:LsdException Locked=\"false\" Priority=\"37\" Name=\"Bibliography\"/>\r\n  <w:LsdException Locked=\"false\" Priority=\"39\" QFormat=\"true\" Name=\"TOC Heading\"/>\r\n </w:LatentStyles>\r\n</xml><![endif]--><!-- [if gte mso 10]>\r\n<style>\r\n /* Style Definitions */\r\ntable.MsoNormalTable\r\n	{mso-style-name:\"Table Normal\";\r\n	mso-tstyle-rowband-size:0;\r\n	mso-tstyle-colband-size:0;\r\n	mso-style-noshow:yes;\r\n	mso-style-priority:99;\r\n	mso-style-parent:\"\";\r\n	mso-padding-alt:0in 5.4pt 0in 5.4pt;\r\n	mso-para-margin-top:0in;\r\n	mso-para-margin-right:0in;\r\n	mso-para-margin-bottom:10.0pt;\r\n	mso-para-margin-left:0in;\r\n	line-height:115%;\r\n	mso-pagination:widow-orphan;\r\n	font-size:11.0pt;\r\n	font-family:Calibri;\r\n	mso-ascii-font-family:Calibri;\r\n	mso-ascii-theme-font:minor-latin;\r\n	mso-hansi-font-family:Calibri;\r\n	mso-hansi-theme-font:minor-latin;}\r\n</style>\r\n<![endif]--> <!--StartFragment--></p>\r\n<p style=\"background: white; margin: 4.5pt 0in 4.5pt 0in;\"><span style=\"font-size: 10.5pt; font-family: Helvetica; mso-bidi-font-family: Helvetica; color: #1d2129;\">as low as P12,100/person - min. of 2adults</span></p>\r\n<p style=\"background: white; margin: 4.5pt 0in 4.5pt 0in;\"><span style=\"font-size: 10.5pt; font-family: Helvetica; mso-bidi-font-family: Helvetica; color: #1d2129;\">&nbsp;</span></p>\r\n<p style=\"background: white; margin: 0in 0in 4.5pt 0in;\"><strong style=\"mso-bidi-font-weight: normal;\"><span style=\"font-size: 10.5pt; font-family: \'inherit\',\'serif\'; mso-bidi-font-family: Helvetica; color: #1d2129;\">Travel Date: July - September 2019<br />Booking Period: Until seats last<br /></span></strong><span style=\"font-size: 10.5pt; font-family: \'inherit\',\'serif\'; mso-bidi-font-family: Helvetica; color: #1d2129;\"><br />Tour Code: 3D2N-FMT-HX</span></p>\r\n<p style=\"background: white; margin: 4.5pt 0in 4.5pt 0in;\"><span style=\"font-size: 10.5pt; font-family: \'inherit\',\'serif\'; mso-bidi-font-family: Helvetica; color: #1d2129;\">Inclusions:&nbsp;<br />&bull; Round trip airfare via Hong Kong Airline w/ 20kg check-in baggage&nbsp;<br />&bull; Philippine Travel Tax<br />&bull; 2 Nights Hotel Accommodation with Breakfast<br />&bull; Round trip Airport Transfers (SIC)<br />&bull; Free Half Day Hong Kong city tour (SIC)<br />&bull; Free Madame Tussauds Ticket (except sneak-in)<br />&bull; Services of English Speaking Driver and Tour guide</span></p>\r\n<p style=\"background: white; margin: 4.5pt 0in 4.5pt 0in;\"><span style=\"font-size: 10.5pt; font-family: \'inherit\',\'serif\'; mso-bidi-font-family: Helvetica; color: #1d2129;\">&nbsp;</span></p>\r\n<p style=\"background: white; margin: 4.5pt 0in 4.5pt 0in;\"><span style=\"font-size: 10.5pt; font-family: \'inherit\',\'serif\'; mso-bidi-font-family: Helvetica; color: #1d2129;\">NOTE:<br />UNDER BOOK &amp; BUY<br />SLOTS ARE SUBJECT FOR AVAILABILITY</span></p>\r\n<p style=\"background: white; margin: 4.5pt 0in 4.5pt 0in;\"><span style=\"font-size: 10.5pt; font-family: \'inherit\',\'serif\'; mso-bidi-font-family: Helvetica; color: #1d2129;\">&nbsp;</span></p>\r\n<p style=\"background: white; margin: 4.5pt 0in 4.5pt 0in;\"><span style=\"font-size: 10.5pt; font-family: \'inherit\',\'serif\'; mso-bidi-font-family: Helvetica; color: #1d2129;\">INTERNATIONAL INQUIRIES: </span></p>\r\n<p style=\"background: white; margin: 4.5pt 0in 4.5pt 0in;\"><span style=\"font-size: 10.5pt; font-family: \'inherit\',\'serif\'; mso-bidi-font-family: Helvetica; color: #1d2129;\">Email address: </span><a href=\"mailto:capturedmemoriestravelandtours@gmail.com\"><span style=\"font-size: 10.5pt; font-family: \'inherit\',\'serif\'; mso-bidi-font-family: Helvetica;\">capturedmemoriestravelandtours@gmail.com</span></a></p>\r\n<p style=\"background: white; margin: 4.5pt 0in 4.5pt 0in;\"><span style=\"font-size: 10.5pt; font-family: \'inherit\',\'serif\'; mso-bidi-font-family: Helvetica; color: #1d2129;\">Facebook: Captured Memories Travel and Tours</span></p>\r\n<p style=\"background: white; margin: 4.5pt 0in 4.5pt 0in;\"><span style=\"font-size: 10.5pt; font-family: \'inherit\',\'serif\'; mso-bidi-font-family: Helvetica; color: #1d2129;\">Landline no.: (02) 9178134</span></p>\r\n<p style=\"background: white; margin: 4.5pt 0in 4.5pt 0in;\"><span style=\"font-size: 10.5pt; font-family: \'inherit\',\'serif\'; mso-bidi-font-family: Helvetica; color: #1d2129;\">Phone no.: +63 9155018187 (GLOBE)</span></p>\r\n<p style=\"background: white; margin: 4.5pt 0in 4.5pt 0in;\"><span style=\"font-size: 10.5pt; font-family: \'inherit\',\'serif\'; mso-bidi-font-family: Helvetica; color: #1d2129;\"><span style=\"mso-tab-count: 1;\">&nbsp;&nbsp;&nbsp;&nbsp;&nbsp;&nbsp;&nbsp;&nbsp;&nbsp;&nbsp;&nbsp; </span><span style=\"mso-spacerun: yes;\">&nbsp;&nbsp;&nbsp;&nbsp; </span>+63 9164847665 (GLOBE)</span></p>\r\n<p><!--EndFragment--></p>','2019-07-19','2019-08-02','2020','/Applications/MAMP/htdocs/capture_memories/admin/../public/images/tour/hk.jpg','/capture_memories/public/images/tour/hk.jpg','active','2019-07-07 20:29:10','2019-07-07 20:29:10','0000-00-00 00:00:00'),
	(40,7,'BATANES 3D2N PROMO PACKAGE','<p><!-- [if gte mso 9]><xml>\r\n <o:DocumentProperties>\r\n  <o:Revision>0</o:Revision>\r\n  <o:TotalTime>0</o:TotalTime>\r\n  <o:Pages>1</o:Pages>\r\n  <o:Words>169</o:Words>\r\n  <o:Characters>965</o:Characters>\r\n  <o:Company>a99</o:Company>\r\n  <o:Lines>8</o:Lines>\r\n  <o:Paragraphs>2</o:Paragraphs>\r\n  <o:CharactersWithSpaces>1132</o:CharactersWithSpaces>\r\n  <o:Version>14.0</o:Version>\r\n </o:DocumentProperties>\r\n <o:OfficeDocumentSettings>\r\n  <o:AllowPNG/>\r\n </o:OfficeDocumentSettings>\r\n</xml><![endif]--> <!-- [if gte mso 9]><xml>\r\n <w:WordDocument>\r\n  <w:View>Normal</w:View>\r\n  <w:Zoom>0</w:Zoom>\r\n  <w:TrackMoves/>\r\n  <w:TrackFormatting/>\r\n  <w:PunctuationKerning/>\r\n  <w:ValidateAgainstSchemas/>\r\n  <w:SaveIfXMLInvalid>false</w:SaveIfXMLInvalid>\r\n  <w:IgnoreMixedContent>false</w:IgnoreMixedContent>\r\n  <w:AlwaysShowPlaceholderText>false</w:AlwaysShowPlaceholderText>\r\n  <w:DoNotPromoteQF/>\r\n  <w:LidThemeOther>EN-US</w:LidThemeOther>\r\n  <w:LidThemeAsian>JA</w:LidThemeAsian>\r\n  <w:LidThemeComplexScript>X-NONE</w:LidThemeComplexScript>\r\n  <w:Compatibility>\r\n   <w:BreakWrappedTables/>\r\n   <w:SnapToGridInCell/>\r\n   <w:WrapTextWithPunct/>\r\n   <w:UseAsianBreakRules/>\r\n   <w:DontGrowAutofit/>\r\n   <w:SplitPgBreakAndParaMark/>\r\n   <w:EnableOpenTypeKerning/>\r\n   <w:DontFlipMirrorIndents/>\r\n   <w:OverrideTableStyleHps/>\r\n  </w:Compatibility>\r\n  <m:mathPr>\r\n   <m:mathFont m:val=\"Cambria Math\"/>\r\n   <m:brkBin m:val=\"before\"/>\r\n   <m:brkBinSub m:val=\"&#45;-\"/>\r\n   <m:smallFrac m:val=\"off\"/>\r\n   <m:dispDef/>\r\n   <m:lMargin m:val=\"0\"/>\r\n   <m:rMargin m:val=\"0\"/>\r\n   <m:defJc m:val=\"centerGroup\"/>\r\n   <m:wrapIndent m:val=\"1440\"/>\r\n   <m:intLim m:val=\"subSup\"/>\r\n   <m:naryLim m:val=\"undOvr\"/>\r\n  </m:mathPr></w:WordDocument>\r\n</xml><![endif]--><!-- [if gte mso 9]><xml>\r\n <w:LatentStyles DefLockedState=\"false\" DefUnhideWhenUsed=\"true\"\r\n  DefSemiHidden=\"true\" DefQFormat=\"false\" DefPriority=\"99\"\r\n  LatentStyleCount=\"276\">\r\n  <w:LsdException Locked=\"false\" Priority=\"0\" SemiHidden=\"false\"\r\n   UnhideWhenUsed=\"false\" QFormat=\"true\" Name=\"Normal\"/>\r\n  <w:LsdException Locked=\"false\" Priority=\"9\" SemiHidden=\"false\"\r\n   UnhideWhenUsed=\"false\" QFormat=\"true\" Name=\"heading 1\"/>\r\n  <w:LsdException Locked=\"false\" Priority=\"9\" QFormat=\"true\" Name=\"heading 2\"/>\r\n  <w:LsdException Locked=\"false\" Priority=\"9\" QFormat=\"true\" Name=\"heading 3\"/>\r\n  <w:LsdException Locked=\"false\" Priority=\"9\" QFormat=\"true\" Name=\"heading 4\"/>\r\n  <w:LsdException Locked=\"false\" Priority=\"9\" QFormat=\"true\" Name=\"heading 5\"/>\r\n  <w:LsdException Locked=\"false\" Priority=\"9\" QFormat=\"true\" Name=\"heading 6\"/>\r\n  <w:LsdException Locked=\"false\" Priority=\"9\" QFormat=\"true\" Name=\"heading 7\"/>\r\n  <w:LsdException Locked=\"false\" Priority=\"9\" QFormat=\"true\" Name=\"heading 8\"/>\r\n  <w:LsdException Locked=\"false\" Priority=\"9\" QFormat=\"true\" Name=\"heading 9\"/>\r\n  <w:LsdException Locked=\"false\" Priority=\"39\" Name=\"toc 1\"/>\r\n  <w:LsdException Locked=\"false\" Priority=\"39\" Name=\"toc 2\"/>\r\n  <w:LsdException Locked=\"false\" Priority=\"39\" Name=\"toc 3\"/>\r\n  <w:LsdException Locked=\"false\" Priority=\"39\" Name=\"toc 4\"/>\r\n  <w:LsdException Locked=\"false\" Priority=\"39\" Name=\"toc 5\"/>\r\n  <w:LsdException Locked=\"false\" Priority=\"39\" Name=\"toc 6\"/>\r\n  <w:LsdException Locked=\"false\" Priority=\"39\" Name=\"toc 7\"/>\r\n  <w:LsdException Locked=\"false\" Priority=\"39\" Name=\"toc 8\"/>\r\n  <w:LsdException Locked=\"false\" Priority=\"39\" Name=\"toc 9\"/>\r\n  <w:LsdException Locked=\"false\" Priority=\"35\" QFormat=\"true\" Name=\"caption\"/>\r\n  <w:LsdException Locked=\"false\" Priority=\"10\" SemiHidden=\"false\"\r\n   UnhideWhenUsed=\"false\" QFormat=\"true\" Name=\"Title\"/>\r\n  <w:LsdException Locked=\"false\" Priority=\"1\" Name=\"Default Paragraph Font\"/>\r\n  <w:LsdException Locked=\"false\" Priority=\"11\" SemiHidden=\"false\"\r\n   UnhideWhenUsed=\"false\" QFormat=\"true\" Name=\"Subtitle\"/>\r\n  <w:LsdException Locked=\"false\" Priority=\"22\" SemiHidden=\"false\"\r\n   UnhideWhenUsed=\"false\" QFormat=\"true\" Name=\"Strong\"/>\r\n  <w:LsdException Locked=\"false\" Priority=\"20\" SemiHidden=\"false\"\r\n   UnhideWhenUsed=\"false\" QFormat=\"true\" Name=\"Emphasis\"/>\r\n  <w:LsdException Locked=\"false\" Priority=\"59\" SemiHidden=\"false\"\r\n   UnhideWhenUsed=\"false\" Name=\"Table Grid\"/>\r\n  <w:LsdException Locked=\"false\" UnhideWhenUsed=\"false\" Name=\"Placeholder Text\"/>\r\n  <w:LsdException Locked=\"false\" Priority=\"1\" SemiHidden=\"false\"\r\n   UnhideWhenUsed=\"false\" QFormat=\"true\" Name=\"No Spacing\"/>\r\n  <w:LsdException Locked=\"false\" Priority=\"60\" SemiHidden=\"false\"\r\n   UnhideWhenUsed=\"false\" Name=\"Light Shading\"/>\r\n  <w:LsdException Locked=\"false\" Priority=\"61\" SemiHidden=\"false\"\r\n   UnhideWhenUsed=\"false\" Name=\"Light List\"/>\r\n  <w:LsdException Locked=\"false\" Priority=\"62\" SemiHidden=\"false\"\r\n   UnhideWhenUsed=\"false\" Name=\"Light Grid\"/>\r\n  <w:LsdException Locked=\"false\" Priority=\"63\" SemiHidden=\"false\"\r\n   UnhideWhenUsed=\"false\" Name=\"Medium Shading 1\"/>\r\n  <w:LsdException Locked=\"false\" Priority=\"64\" SemiHidden=\"false\"\r\n   UnhideWhenUsed=\"false\" Name=\"Medium Shading 2\"/>\r\n  <w:LsdException Locked=\"false\" Priority=\"65\" SemiHidden=\"false\"\r\n   UnhideWhenUsed=\"false\" Name=\"Medium List 1\"/>\r\n  <w:LsdException Locked=\"false\" Priority=\"66\" SemiHidden=\"false\"\r\n   UnhideWhenUsed=\"false\" Name=\"Medium List 2\"/>\r\n  <w:LsdException Locked=\"false\" Priority=\"67\" SemiHidden=\"false\"\r\n   UnhideWhenUsed=\"false\" Name=\"Medium Grid 1\"/>\r\n  <w:LsdException Locked=\"false\" Priority=\"68\" SemiHidden=\"false\"\r\n   UnhideWhenUsed=\"false\" Name=\"Medium Grid 2\"/>\r\n  <w:LsdException Locked=\"false\" Priority=\"69\" SemiHidden=\"false\"\r\n   UnhideWhenUsed=\"false\" Name=\"Medium Grid 3\"/>\r\n  <w:LsdException Locked=\"false\" Priority=\"70\" SemiHidden=\"false\"\r\n   UnhideWhenUsed=\"false\" Name=\"Dark List\"/>\r\n  <w:LsdException Locked=\"false\" Priority=\"71\" SemiHidden=\"false\"\r\n   UnhideWhenUsed=\"false\" Name=\"Colorful Shading\"/>\r\n  <w:LsdException Locked=\"false\" Priority=\"72\" SemiHidden=\"false\"\r\n   UnhideWhenUsed=\"false\" Name=\"Colorful List\"/>\r\n  <w:LsdException Locked=\"false\" Priority=\"73\" SemiHidden=\"false\"\r\n   UnhideWhenUsed=\"false\" Name=\"Colorful Grid\"/>\r\n  <w:LsdException Locked=\"false\" Priority=\"60\" SemiHidden=\"false\"\r\n   UnhideWhenUsed=\"false\" Name=\"Light Shading Accent 1\"/>\r\n  <w:LsdException Locked=\"false\" Priority=\"61\" SemiHidden=\"false\"\r\n   UnhideWhenUsed=\"false\" Name=\"Light List Accent 1\"/>\r\n  <w:LsdException Locked=\"false\" Priority=\"62\" SemiHidden=\"false\"\r\n   UnhideWhenUsed=\"false\" Name=\"Light Grid Accent 1\"/>\r\n  <w:LsdException Locked=\"false\" Priority=\"63\" SemiHidden=\"false\"\r\n   UnhideWhenUsed=\"false\" Name=\"Medium Shading 1 Accent 1\"/>\r\n  <w:LsdException Locked=\"false\" Priority=\"64\" SemiHidden=\"false\"\r\n   UnhideWhenUsed=\"false\" Name=\"Medium Shading 2 Accent 1\"/>\r\n  <w:LsdException Locked=\"false\" Priority=\"65\" SemiHidden=\"false\"\r\n   UnhideWhenUsed=\"false\" Name=\"Medium List 1 Accent 1\"/>\r\n  <w:LsdException Locked=\"false\" UnhideWhenUsed=\"false\" Name=\"Revision\"/>\r\n  <w:LsdException Locked=\"false\" Priority=\"34\" SemiHidden=\"false\"\r\n   UnhideWhenUsed=\"false\" QFormat=\"true\" Name=\"List Paragraph\"/>\r\n  <w:LsdException Locked=\"false\" Priority=\"29\" SemiHidden=\"false\"\r\n   UnhideWhenUsed=\"false\" QFormat=\"true\" Name=\"Quote\"/>\r\n  <w:LsdException Locked=\"false\" Priority=\"30\" SemiHidden=\"false\"\r\n   UnhideWhenUsed=\"false\" QFormat=\"true\" Name=\"Intense Quote\"/>\r\n  <w:LsdException Locked=\"false\" Priority=\"66\" SemiHidden=\"false\"\r\n   UnhideWhenUsed=\"false\" Name=\"Medium List 2 Accent 1\"/>\r\n  <w:LsdException Locked=\"false\" Priority=\"67\" SemiHidden=\"false\"\r\n   UnhideWhenUsed=\"false\" Name=\"Medium Grid 1 Accent 1\"/>\r\n  <w:LsdException Locked=\"false\" Priority=\"68\" SemiHidden=\"false\"\r\n   UnhideWhenUsed=\"false\" Name=\"Medium Grid 2 Accent 1\"/>\r\n  <w:LsdException Locked=\"false\" Priority=\"69\" SemiHidden=\"false\"\r\n   UnhideWhenUsed=\"false\" Name=\"Medium Grid 3 Accent 1\"/>\r\n  <w:LsdException Locked=\"false\" Priority=\"70\" SemiHidden=\"false\"\r\n   UnhideWhenUsed=\"false\" Name=\"Dark List Accent 1\"/>\r\n  <w:LsdException Locked=\"false\" Priority=\"71\" SemiHidden=\"false\"\r\n   UnhideWhenUsed=\"false\" Name=\"Colorful Shading Accent 1\"/>\r\n  <w:LsdException Locked=\"false\" Priority=\"72\" SemiHidden=\"false\"\r\n   UnhideWhenUsed=\"false\" Name=\"Colorful List Accent 1\"/>\r\n  <w:LsdException Locked=\"false\" Priority=\"73\" SemiHidden=\"false\"\r\n   UnhideWhenUsed=\"false\" Name=\"Colorful Grid Accent 1\"/>\r\n  <w:LsdException Locked=\"false\" Priority=\"60\" SemiHidden=\"false\"\r\n   UnhideWhenUsed=\"false\" Name=\"Light Shading Accent 2\"/>\r\n  <w:LsdException Locked=\"false\" Priority=\"61\" SemiHidden=\"false\"\r\n   UnhideWhenUsed=\"false\" Name=\"Light List Accent 2\"/>\r\n  <w:LsdException Locked=\"false\" Priority=\"62\" SemiHidden=\"false\"\r\n   UnhideWhenUsed=\"false\" Name=\"Light Grid Accent 2\"/>\r\n  <w:LsdException Locked=\"false\" Priority=\"63\" SemiHidden=\"false\"\r\n   UnhideWhenUsed=\"false\" Name=\"Medium Shading 1 Accent 2\"/>\r\n  <w:LsdException Locked=\"false\" Priority=\"64\" SemiHidden=\"false\"\r\n   UnhideWhenUsed=\"false\" Name=\"Medium Shading 2 Accent 2\"/>\r\n  <w:LsdException Locked=\"false\" Priority=\"65\" SemiHidden=\"false\"\r\n   UnhideWhenUsed=\"false\" Name=\"Medium List 1 Accent 2\"/>\r\n  <w:LsdException Locked=\"false\" Priority=\"66\" SemiHidden=\"false\"\r\n   UnhideWhenUsed=\"false\" Name=\"Medium List 2 Accent 2\"/>\r\n  <w:LsdException Locked=\"false\" Priority=\"67\" SemiHidden=\"false\"\r\n   UnhideWhenUsed=\"false\" Name=\"Medium Grid 1 Accent 2\"/>\r\n  <w:LsdException Locked=\"false\" Priority=\"68\" SemiHidden=\"false\"\r\n   UnhideWhenUsed=\"false\" Name=\"Medium Grid 2 Accent 2\"/>\r\n  <w:LsdException Locked=\"false\" Priority=\"69\" SemiHidden=\"false\"\r\n   UnhideWhenUsed=\"false\" Name=\"Medium Grid 3 Accent 2\"/>\r\n  <w:LsdException Locked=\"false\" Priority=\"70\" SemiHidden=\"false\"\r\n   UnhideWhenUsed=\"false\" Name=\"Dark List Accent 2\"/>\r\n  <w:LsdException Locked=\"false\" Priority=\"71\" SemiHidden=\"false\"\r\n   UnhideWhenUsed=\"false\" Name=\"Colorful Shading Accent 2\"/>\r\n  <w:LsdException Locked=\"false\" Priority=\"72\" SemiHidden=\"false\"\r\n   UnhideWhenUsed=\"false\" Name=\"Colorful List Accent 2\"/>\r\n  <w:LsdException Locked=\"false\" Priority=\"73\" SemiHidden=\"false\"\r\n   UnhideWhenUsed=\"false\" Name=\"Colorful Grid Accent 2\"/>\r\n  <w:LsdException Locked=\"false\" Priority=\"60\" SemiHidden=\"false\"\r\n   UnhideWhenUsed=\"false\" Name=\"Light Shading Accent 3\"/>\r\n  <w:LsdException Locked=\"false\" Priority=\"61\" SemiHidden=\"false\"\r\n   UnhideWhenUsed=\"false\" Name=\"Light List Accent 3\"/>\r\n  <w:LsdException Locked=\"false\" Priority=\"62\" SemiHidden=\"false\"\r\n   UnhideWhenUsed=\"false\" Name=\"Light Grid Accent 3\"/>\r\n  <w:LsdException Locked=\"false\" Priority=\"63\" SemiHidden=\"false\"\r\n   UnhideWhenUsed=\"false\" Name=\"Medium Shading 1 Accent 3\"/>\r\n  <w:LsdException Locked=\"false\" Priority=\"64\" SemiHidden=\"false\"\r\n   UnhideWhenUsed=\"false\" Name=\"Medium Shading 2 Accent 3\"/>\r\n  <w:LsdException Locked=\"false\" Priority=\"65\" SemiHidden=\"false\"\r\n   UnhideWhenUsed=\"false\" Name=\"Medium List 1 Accent 3\"/>\r\n  <w:LsdException Locked=\"false\" Priority=\"66\" SemiHidden=\"false\"\r\n   UnhideWhenUsed=\"false\" Name=\"Medium List 2 Accent 3\"/>\r\n  <w:LsdException Locked=\"false\" Priority=\"67\" SemiHidden=\"false\"\r\n   UnhideWhenUsed=\"false\" Name=\"Medium Grid 1 Accent 3\"/>\r\n  <w:LsdException Locked=\"false\" Priority=\"68\" SemiHidden=\"false\"\r\n   UnhideWhenUsed=\"false\" Name=\"Medium Grid 2 Accent 3\"/>\r\n  <w:LsdException Locked=\"false\" Priority=\"69\" SemiHidden=\"false\"\r\n   UnhideWhenUsed=\"false\" Name=\"Medium Grid 3 Accent 3\"/>\r\n  <w:LsdException Locked=\"false\" Priority=\"70\" SemiHidden=\"false\"\r\n   UnhideWhenUsed=\"false\" Name=\"Dark List Accent 3\"/>\r\n  <w:LsdException Locked=\"false\" Priority=\"71\" SemiHidden=\"false\"\r\n   UnhideWhenUsed=\"false\" Name=\"Colorful Shading Accent 3\"/>\r\n  <w:LsdException Locked=\"false\" Priority=\"72\" SemiHidden=\"false\"\r\n   UnhideWhenUsed=\"false\" Name=\"Colorful List Accent 3\"/>\r\n  <w:LsdException Locked=\"false\" Priority=\"73\" SemiHidden=\"false\"\r\n   UnhideWhenUsed=\"false\" Name=\"Colorful Grid Accent 3\"/>\r\n  <w:LsdException Locked=\"false\" Priority=\"60\" SemiHidden=\"false\"\r\n   UnhideWhenUsed=\"false\" Name=\"Light Shading Accent 4\"/>\r\n  <w:LsdException Locked=\"false\" Priority=\"61\" SemiHidden=\"false\"\r\n   UnhideWhenUsed=\"false\" Name=\"Light List Accent 4\"/>\r\n  <w:LsdException Locked=\"false\" Priority=\"62\" SemiHidden=\"false\"\r\n   UnhideWhenUsed=\"false\" Name=\"Light Grid Accent 4\"/>\r\n  <w:LsdException Locked=\"false\" Priority=\"63\" SemiHidden=\"false\"\r\n   UnhideWhenUsed=\"false\" Name=\"Medium Shading 1 Accent 4\"/>\r\n  <w:LsdException Locked=\"false\" Priority=\"64\" SemiHidden=\"false\"\r\n   UnhideWhenUsed=\"false\" Name=\"Medium Shading 2 Accent 4\"/>\r\n  <w:LsdException Locked=\"false\" Priority=\"65\" SemiHidden=\"false\"\r\n   UnhideWhenUsed=\"false\" Name=\"Medium List 1 Accent 4\"/>\r\n  <w:LsdException Locked=\"false\" Priority=\"66\" SemiHidden=\"false\"\r\n   UnhideWhenUsed=\"false\" Name=\"Medium List 2 Accent 4\"/>\r\n  <w:LsdException Locked=\"false\" Priority=\"67\" SemiHidden=\"false\"\r\n   UnhideWhenUsed=\"false\" Name=\"Medium Grid 1 Accent 4\"/>\r\n  <w:LsdException Locked=\"false\" Priority=\"68\" SemiHidden=\"false\"\r\n   UnhideWhenUsed=\"false\" Name=\"Medium Grid 2 Accent 4\"/>\r\n  <w:LsdException Locked=\"false\" Priority=\"69\" SemiHidden=\"false\"\r\n   UnhideWhenUsed=\"false\" Name=\"Medium Grid 3 Accent 4\"/>\r\n  <w:LsdException Locked=\"false\" Priority=\"70\" SemiHidden=\"false\"\r\n   UnhideWhenUsed=\"false\" Name=\"Dark List Accent 4\"/>\r\n  <w:LsdException Locked=\"false\" Priority=\"71\" SemiHidden=\"false\"\r\n   UnhideWhenUsed=\"false\" Name=\"Colorful Shading Accent 4\"/>\r\n  <w:LsdException Locked=\"false\" Priority=\"72\" SemiHidden=\"false\"\r\n   UnhideWhenUsed=\"false\" Name=\"Colorful List Accent 4\"/>\r\n  <w:LsdException Locked=\"false\" Priority=\"73\" SemiHidden=\"false\"\r\n   UnhideWhenUsed=\"false\" Name=\"Colorful Grid Accent 4\"/>\r\n  <w:LsdException Locked=\"false\" Priority=\"60\" SemiHidden=\"false\"\r\n   UnhideWhenUsed=\"false\" Name=\"Light Shading Accent 5\"/>\r\n  <w:LsdException Locked=\"false\" Priority=\"61\" SemiHidden=\"false\"\r\n   UnhideWhenUsed=\"false\" Name=\"Light List Accent 5\"/>\r\n  <w:LsdException Locked=\"false\" Priority=\"62\" SemiHidden=\"false\"\r\n   UnhideWhenUsed=\"false\" Name=\"Light Grid Accent 5\"/>\r\n  <w:LsdException Locked=\"false\" Priority=\"63\" SemiHidden=\"false\"\r\n   UnhideWhenUsed=\"false\" Name=\"Medium Shading 1 Accent 5\"/>\r\n  <w:LsdException Locked=\"false\" Priority=\"64\" SemiHidden=\"false\"\r\n   UnhideWhenUsed=\"false\" Name=\"Medium Shading 2 Accent 5\"/>\r\n  <w:LsdException Locked=\"false\" Priority=\"65\" SemiHidden=\"false\"\r\n   UnhideWhenUsed=\"false\" Name=\"Medium List 1 Accent 5\"/>\r\n  <w:LsdException Locked=\"false\" Priority=\"66\" SemiHidden=\"false\"\r\n   UnhideWhenUsed=\"false\" Name=\"Medium List 2 Accent 5\"/>\r\n  <w:LsdException Locked=\"false\" Priority=\"67\" SemiHidden=\"false\"\r\n   UnhideWhenUsed=\"false\" Name=\"Medium Grid 1 Accent 5\"/>\r\n  <w:LsdException Locked=\"false\" Priority=\"68\" SemiHidden=\"false\"\r\n   UnhideWhenUsed=\"false\" Name=\"Medium Grid 2 Accent 5\"/>\r\n  <w:LsdException Locked=\"false\" Priority=\"69\" SemiHidden=\"false\"\r\n   UnhideWhenUsed=\"false\" Name=\"Medium Grid 3 Accent 5\"/>\r\n  <w:LsdException Locked=\"false\" Priority=\"70\" SemiHidden=\"false\"\r\n   UnhideWhenUsed=\"false\" Name=\"Dark List Accent 5\"/>\r\n  <w:LsdException Locked=\"false\" Priority=\"71\" SemiHidden=\"false\"\r\n   UnhideWhenUsed=\"false\" Name=\"Colorful Shading Accent 5\"/>\r\n  <w:LsdException Locked=\"false\" Priority=\"72\" SemiHidden=\"false\"\r\n   UnhideWhenUsed=\"false\" Name=\"Colorful List Accent 5\"/>\r\n  <w:LsdException Locked=\"false\" Priority=\"73\" SemiHidden=\"false\"\r\n   UnhideWhenUsed=\"false\" Name=\"Colorful Grid Accent 5\"/>\r\n  <w:LsdException Locked=\"false\" Priority=\"60\" SemiHidden=\"false\"\r\n   UnhideWhenUsed=\"false\" Name=\"Light Shading Accent 6\"/>\r\n  <w:LsdException Locked=\"false\" Priority=\"61\" SemiHidden=\"false\"\r\n   UnhideWhenUsed=\"false\" Name=\"Light List Accent 6\"/>\r\n  <w:LsdException Locked=\"false\" Priority=\"62\" SemiHidden=\"false\"\r\n   UnhideWhenUsed=\"false\" Name=\"Light Grid Accent 6\"/>\r\n  <w:LsdException Locked=\"false\" Priority=\"63\" SemiHidden=\"false\"\r\n   UnhideWhenUsed=\"false\" Name=\"Medium Shading 1 Accent 6\"/>\r\n  <w:LsdException Locked=\"false\" Priority=\"64\" SemiHidden=\"false\"\r\n   UnhideWhenUsed=\"false\" Name=\"Medium Shading 2 Accent 6\"/>\r\n  <w:LsdException Locked=\"false\" Priority=\"65\" SemiHidden=\"false\"\r\n   UnhideWhenUsed=\"false\" Name=\"Medium List 1 Accent 6\"/>\r\n  <w:LsdException Locked=\"false\" Priority=\"66\" SemiHidden=\"false\"\r\n   UnhideWhenUsed=\"false\" Name=\"Medium List 2 Accent 6\"/>\r\n  <w:LsdException Locked=\"false\" Priority=\"67\" SemiHidden=\"false\"\r\n   UnhideWhenUsed=\"false\" Name=\"Medium Grid 1 Accent 6\"/>\r\n  <w:LsdException Locked=\"false\" Priority=\"68\" SemiHidden=\"false\"\r\n   UnhideWhenUsed=\"false\" Name=\"Medium Grid 2 Accent 6\"/>\r\n  <w:LsdException Locked=\"false\" Priority=\"69\" SemiHidden=\"false\"\r\n   UnhideWhenUsed=\"false\" Name=\"Medium Grid 3 Accent 6\"/>\r\n  <w:LsdException Locked=\"false\" Priority=\"70\" SemiHidden=\"false\"\r\n   UnhideWhenUsed=\"false\" Name=\"Dark List Accent 6\"/>\r\n  <w:LsdException Locked=\"false\" Priority=\"71\" SemiHidden=\"false\"\r\n   UnhideWhenUsed=\"false\" Name=\"Colorful Shading Accent 6\"/>\r\n  <w:LsdException Locked=\"false\" Priority=\"72\" SemiHidden=\"false\"\r\n   UnhideWhenUsed=\"false\" Name=\"Colorful List Accent 6\"/>\r\n  <w:LsdException Locked=\"false\" Priority=\"73\" SemiHidden=\"false\"\r\n   UnhideWhenUsed=\"false\" Name=\"Colorful Grid Accent 6\"/>\r\n  <w:LsdException Locked=\"false\" Priority=\"19\" SemiHidden=\"false\"\r\n   UnhideWhenUsed=\"false\" QFormat=\"true\" Name=\"Subtle Emphasis\"/>\r\n  <w:LsdException Locked=\"false\" Priority=\"21\" SemiHidden=\"false\"\r\n   UnhideWhenUsed=\"false\" QFormat=\"true\" Name=\"Intense Emphasis\"/>\r\n  <w:LsdException Locked=\"false\" Priority=\"31\" SemiHidden=\"false\"\r\n   UnhideWhenUsed=\"false\" QFormat=\"true\" Name=\"Subtle Reference\"/>\r\n  <w:LsdException Locked=\"false\" Priority=\"32\" SemiHidden=\"false\"\r\n   UnhideWhenUsed=\"false\" QFormat=\"true\" Name=\"Intense Reference\"/>\r\n  <w:LsdException Locked=\"false\" Priority=\"33\" SemiHidden=\"false\"\r\n   UnhideWhenUsed=\"false\" QFormat=\"true\" Name=\"Book Title\"/>\r\n  <w:LsdException Locked=\"false\" Priority=\"37\" Name=\"Bibliography\"/>\r\n  <w:LsdException Locked=\"false\" Priority=\"39\" QFormat=\"true\" Name=\"TOC Heading\"/>\r\n </w:LatentStyles>\r\n</xml><![endif]--><!-- [if gte mso 10]>\r\n<style>\r\n /* Style Definitions */\r\ntable.MsoNormalTable\r\n	{mso-style-name:\"Table Normal\";\r\n	mso-tstyle-rowband-size:0;\r\n	mso-tstyle-colband-size:0;\r\n	mso-style-noshow:yes;\r\n	mso-style-priority:99;\r\n	mso-style-parent:\"\";\r\n	mso-padding-alt:0in 5.4pt 0in 5.4pt;\r\n	mso-para-margin-top:0in;\r\n	mso-para-margin-right:0in;\r\n	mso-para-margin-bottom:10.0pt;\r\n	mso-para-margin-left:0in;\r\n	line-height:115%;\r\n	mso-pagination:widow-orphan;\r\n	font-size:11.0pt;\r\n	font-family:Calibri;\r\n	mso-ascii-font-family:Calibri;\r\n	mso-ascii-theme-font:minor-latin;\r\n	mso-hansi-font-family:Calibri;\r\n	mso-hansi-theme-font:minor-latin;}\r\n</style>\r\n<![endif]--> <!--StartFragment--></p>\r\n<p style=\"background: white; margin: 4.5pt 0in 4.5pt 0in;\"><strong style=\"mso-bidi-font-weight: normal;\"><span style=\"font-size: 10.5pt; font-family: \'inherit\',\'serif\'; mso-bidi-font-family: Helvetica; color: #1d2129;\">Travel period: July. 15 - Dec.30, 2019</span></strong></p>\r\n<p style=\"background: white; margin: 4.5pt 0in 4.5pt 0in;\"><strong style=\"mso-bidi-font-weight: normal;\"><span style=\"font-size: 10.5pt; font-family: \'inherit\',\'serif\'; mso-bidi-font-family: Helvetica; color: #1d2129;\">Selling Period: May 28-31,2019</span></strong></p>\r\n<p style=\"margin: 0in; margin-bottom: .0001pt; background: white;\"><span style=\"font-size: 10.5pt; font-family: Helvetica; mso-bidi-font-family: Helvetica; color: #1d2129;\">&nbsp;</span></p>\r\n<p style=\"background: white; margin: 4.5pt 0in 4.5pt 0in;\"><span style=\"font-size: 10.5pt; font-family: Helvetica; mso-bidi-font-family: Helvetica; color: #1d2129;\">2-Nights Accommodation + 2-Days Tour = P4,800/head</span></p>\r\n<p style=\"background: white; margin: 4.5pt 0in 4.5pt 0in;\"><span style=\"font-size: 10.5pt; font-family: Helvetica; mso-bidi-font-family: Helvetica; color: #1d2129;\">(minimum of 4pax)- Quad Sharing</span></p>\r\n<p style=\"background: white; margin: 0in 0in 4.5pt 0in;\"><span style=\"font-size: 10.5pt; font-family: \'inherit\',\'serif\'; mso-bidi-font-family: Helvetica; color: #1d2129;\">4,800/person- Quad Sharing (Van Tour with Tour Guide)</span></p>\r\n<p style=\"background: white; margin: 4.5pt 0in 4.5pt 0in;\"><span style=\"font-size: 10.5pt; font-family: \'inherit\',\'serif\'; mso-bidi-font-family: Helvetica; color: #1d2129;\">4,000/person -Triple Sharing (Tour via Tricycle w/o Tour Guide)</span></p>\r\n<p style=\"background: white; margin: 4.5pt 0in 4.5pt 0in;\"><span style=\"font-size: 10.5pt; font-family: \'inherit\',\'serif\'; mso-bidi-font-family: Helvetica; color: #1d2129;\">4,500/person- Twin Sharing (Tour via Tricycle w/o Tour Guide)</span></p>\r\n<p style=\"background: white; margin: 4.5pt 0in 4.5pt 0in;\"><span style=\"font-size: 10.5pt; font-family: \'inherit\',\'serif\'; mso-bidi-font-family: Helvetica; color: #1d2129;\">8,700/person- Solo (Tour via Tricycle w/o Tour Guide)</span></p>\r\n<p style=\"background: white; margin: 4.5pt 0in 4.5pt 0in;\"><span style=\"font-size: 10.5pt; font-family: \'inherit\',\'serif\'; mso-bidi-font-family: Helvetica; color: #1d2129;\">&nbsp;</span></p>\r\n<p style=\"background: white; margin: 4.5pt 0in 4.5pt 0in;\"><span style=\"font-size: 10.5pt; font-family: \'inherit\',\'serif\'; mso-bidi-font-family: Helvetica; color: #1d2129;\">Inclusions:</span></p>\r\n<p style=\"text-indent: -.25in; mso-list: l0 level1 lfo1; background: white; margin: 0in 0in .0001pt 39.0pt;\"><!-- [if !supportLists]--><span style=\"font-size: 10.5pt; font-family: Symbol; mso-fareast-font-family: Symbol; mso-bidi-font-family: Symbol; color: #1d2129;\"><span style=\"mso-list: Ignore;\">&middot;<span style=\"font: 7.0pt \'Times New Roman\';\">&nbsp;&nbsp;&nbsp;&nbsp;&nbsp;&nbsp; </span></span></span><!--[endif]--><span style=\"font-size: 10.5pt; font-family: \'inherit\',\'serif\'; mso-bidi-font-family: Helvetica; color: #1d2129;\">RT Airport Transfer</span></p>\r\n<p style=\"text-indent: -.25in; mso-list: l0 level1 lfo1; background: white; margin: 0in 0in .0001pt 39.0pt;\"><!-- [if !supportLists]--><span style=\"font-size: 10.5pt; font-family: Symbol; mso-fareast-font-family: Symbol; mso-bidi-font-family: Symbol; color: #1d2129;\"><span style=\"mso-list: Ignore;\">&middot;<span style=\"font: 7.0pt \'Times New Roman\';\">&nbsp;&nbsp;&nbsp;&nbsp;&nbsp;&nbsp; </span></span></span><!--[endif]--><span style=\"font-size: 10.5pt; font-family: \'inherit\',\'serif\'; mso-bidi-font-family: Helvetica; color: #1d2129;\">2Nights accommodation with daily breakfast (@ Nanay Cita\'s Homestay)</span></p>\r\n<p style=\"text-indent: -.25in; mso-list: l0 level1 lfo1; background: white; margin: 0in 0in .0001pt 39.0pt;\"><!-- [if !supportLists]--><span style=\"font-size: 10.5pt; font-family: Symbol; mso-fareast-font-family: Symbol; mso-bidi-font-family: Symbol; color: #1d2129;\"><span style=\"mso-list: Ignore;\">&middot;<span style=\"font: 7.0pt \'Times New Roman\';\">&nbsp;&nbsp;&nbsp;&nbsp;&nbsp;&nbsp; </span></span></span><!--[endif]--><span style=\"font-size: 10.5pt; font-family: \'inherit\',\'serif\'; mso-bidi-font-family: Helvetica; color: #1d2129;\">2-Days tour (North Batan &amp; South Batan tour) (via Van Tour or Tricycle Tour)</span></p>\r\n<p style=\"text-indent: -.25in; mso-list: l0 level1 lfo1; background: white; margin: 0in 0in .0001pt 39.0pt;\"><!-- [if !supportLists]--><span style=\"font-size: 10.5pt; font-family: Symbol; mso-fareast-font-family: Symbol; mso-bidi-font-family: Symbol; color: #1d2129;\"><span style=\"mso-list: Ignore;\">&middot;<span style=\"font: 7.0pt \'Times New Roman\';\">&nbsp;&nbsp;&nbsp;&nbsp;&nbsp;&nbsp; </span></span></span><!--[endif]--><span style=\"font-size: 10.5pt; font-family: \'inherit\',\'serif\'; mso-bidi-font-family: Helvetica; color: #1d2129;\"><span style=\"mso-spacerun: yes;\">&nbsp;</span>Tour Guide Services (For Van Tours Only)</span></p>\r\n<p style=\"text-indent: -.25in; mso-list: l0 level1 lfo1; background: white; margin: 0in 0in .0001pt 39.0pt;\"><!-- [if !supportLists]--><span style=\"font-size: 10.5pt; font-family: Symbol; mso-fareast-font-family: Symbol; mso-bidi-font-family: Symbol; color: #1d2129;\"><span style=\"mso-list: Ignore;\">&middot;<span style=\"font: 7.0pt \'Times New Roman\';\">&nbsp;&nbsp;&nbsp;&nbsp;&nbsp;&nbsp; </span></span></span><!--[endif]--><span style=\"font-size: 10.5pt; font-family: \'inherit\',\'serif\'; mso-bidi-font-family: Helvetica; color: #1d2129;\"><span style=\"mso-spacerun: yes;\">&nbsp;</span>RT Boatfare (OPTIONAL/ FOR SABTANG TOUR ONLY)</span></p>\r\n<p style=\"text-indent: -.25in; mso-list: l0 level1 lfo1; background: white; margin: 0in 0in .0001pt 39.0pt;\"><!-- [if !supportLists]--><span style=\"font-size: 10.5pt; font-family: Symbol; mso-fareast-font-family: Symbol; mso-bidi-font-family: Symbol; color: #1d2129;\"><span style=\"mso-list: Ignore;\">&middot;<span style=\"font: 7.0pt \'Times New Roman\';\">&nbsp;&nbsp;&nbsp;&nbsp;&nbsp;&nbsp; </span></span></span><!--[endif]--><span style=\"font-size: 10.5pt; font-family: \'inherit\',\'serif\'; mso-bidi-font-family: Helvetica; color: #1d2129;\">Environmental Fees</span></p>\r\n<p style=\"background: white; margin: 0in 0in .0001pt 39.0pt;\"><span style=\"font-size: 10.5pt; font-family: \'inherit\',\'serif\'; mso-bidi-font-family: Helvetica; color: #1d2129;\">&nbsp;</span></p>\r\n<p style=\"background: white; margin: 0in 0in .0001pt 39.0pt;\"><span style=\"font-size: 10.5pt; font-family: \'inherit\',\'serif\'; mso-bidi-font-family: Helvetica; color: #1d2129;\">&nbsp;</span></p>\r\n<p style=\"background: white; margin: 4.5pt 0in 4.5pt 0in;\"><span style=\"font-size: 10.5pt; font-family: \'inherit\',\'serif\'; mso-bidi-font-family: Helvetica; color: #1d2129;\">OPTIONAL TOUR:</span></p>\r\n<p style=\"background: white; margin: 4.5pt 0in 4.5pt 0in;\"><span style=\"font-size: 10.5pt; font-family: \'inherit\',\'serif\'; mso-bidi-font-family: Helvetica; color: #1d2129;\">SABTANG TOUR </span></p>\r\n<p style=\"background: white; margin: 4.5pt 0in 4.5pt 0in;\"><span style=\"font-size: 10.5pt; font-family: \'inherit\',\'serif\'; mso-bidi-font-family: Helvetica; color: #1d2129;\">&nbsp;</span></p>\r\n<p style=\"background: white; margin: 4.5pt 0in 4.5pt 0in;\"><span style=\"font-size: 10.5pt; font-family: \'inherit\',\'serif\'; mso-bidi-font-family: Helvetica; color: #1d2129;\">Exclusions:</span></p>\r\n<p style=\"text-indent: -.25in; mso-list: l1 level1 lfo2; background: white; margin: 0in 0in .0001pt .5in;\"><!-- [if !supportLists]--><span style=\"font-size: 10.5pt; font-family: Symbol; mso-fareast-font-family: Symbol; mso-bidi-font-family: Symbol; color: #1d2129;\"><span style=\"mso-list: Ignore;\">&middot;<span style=\"font: 7.0pt \'Times New Roman\';\">&nbsp;&nbsp;&nbsp;&nbsp;&nbsp;&nbsp; </span></span></span><!--[endif]--><span style=\"font-size: 10.5pt; font-family: \'inherit\',\'serif\'; mso-bidi-font-family: Helvetica; color: #1d2129;\">RT Airfare</span></p>\r\n<p style=\"text-indent: -.25in; mso-list: l1 level1 lfo2; background: white; margin: 0in 0in .0001pt .5in;\"><!-- [if !supportLists]--><span style=\"font-size: 10.5pt; font-family: Symbol; mso-fareast-font-family: Symbol; mso-bidi-font-family: Symbol; color: #1d2129;\"><span style=\"mso-list: Ignore;\">&middot;<span style=\"font: 7.0pt \'Times New Roman\';\">&nbsp;&nbsp;&nbsp;&nbsp;&nbsp;&nbsp; </span></span></span><!--[endif]--><span style=\"font-size: 10.5pt; font-family: \'inherit\',\'serif\'; mso-bidi-font-family: Helvetica; color: #1d2129;\">Lunch &amp; Dinner</span></p>\r\n<p style=\"text-indent: -.25in; mso-list: l1 level1 lfo2; background: white; margin: 0in 0in .0001pt .5in;\"><!-- [if !supportLists]--><span style=\"font-size: 10.5pt; font-family: Symbol; mso-fareast-font-family: Symbol; mso-bidi-font-family: Symbol; color: #1d2129;\"><span style=\"mso-list: Ignore;\">&middot;<span style=\"font: 7.0pt \'Times New Roman\';\">&nbsp;&nbsp;&nbsp;&nbsp;&nbsp;&nbsp; </span></span></span><!--[endif]--><span style=\"font-size: 10.5pt; font-family: \'inherit\',\'serif\'; mso-bidi-font-family: Helvetica; color: #1d2129;\">Eco Tourism Fee P400 (upon arrival)</span></p>\r\n<p style=\"text-indent: -.25in; mso-list: l1 level1 lfo2; background: white; margin: 0in 0in .0001pt .5in;\"><!-- [if !supportLists]--><span style=\"font-size: 10.5pt; font-family: Symbol; mso-fareast-font-family: Symbol; mso-bidi-font-family: Symbol; color: #1d2129;\"><span style=\"mso-list: Ignore;\">&middot;<span style=\"font: 7.0pt \'Times New Roman\';\">&nbsp;&nbsp;&nbsp;&nbsp;&nbsp;&nbsp; </span></span></span><!--[endif]--><span style=\"font-size: 10.5pt; font-family: \'inherit\',\'serif\'; mso-bidi-font-family: Helvetica; color: #1d2129;\">SABTANG TOUR</span></p>\r\n<p style=\"background: white; margin: 0in 0in .0001pt .5in;\"><span style=\"font-size: 10.5pt; font-family: \'inherit\',\'serif\'; mso-bidi-font-family: Helvetica; color: #1d2129;\">&nbsp;</span></p>\r\n<p style=\"background: white; margin: 0in 0in .0001pt .5in;\"><span style=\"font-size: 10.5pt; font-family: \'inherit\',\'serif\'; mso-bidi-font-family: Helvetica; color: #1d2129;\">&nbsp;</span></p>\r\n<p style=\"background: white; margin: 4.5pt 0in 4.5pt 0in;\"><span style=\"font-size: 10.5pt; font-family: \'inherit\',\'serif\'; mso-bidi-font-family: Helvetica; color: #1d2129;\">Note: Subject to availability / Room based on Quad Sharing.</span></p>\r\n<p style=\"background: white; margin: 4.5pt 0in 4.5pt 0in;\"><span style=\"font-size: 10.5pt; font-family: \'inherit\',\'serif\'; mso-bidi-font-family: Helvetica; color: #1d2129;\">&nbsp;</span></p>\r\n<p style=\"background: white; margin: 4.5pt 0in 4.5pt 0in;\"><span style=\"font-size: 10.5pt; font-family: \'inherit\',\'serif\'; mso-bidi-font-family: Helvetica; color: #1d2129;\">DOMESTIC INQUIRIES: </span></p>\r\n<p style=\"background: white; margin: 4.5pt 0in 4.5pt 0in;\"><span style=\"font-size: 10.5pt; font-family: \'inherit\',\'serif\'; mso-bidi-font-family: Helvetica; color: #1d2129;\">Email address: </span><a href=\"mailto:capturedmemoriestravelandtours@gmail.com\"><span style=\"font-size: 10.5pt; font-family: \'inherit\',\'serif\'; mso-bidi-font-family: Helvetica;\">capturedmemoriestravelandtours@gmail.com</span></a></p>\r\n<p style=\"background: white; margin: 4.5pt 0in 4.5pt 0in;\"><span style=\"font-size: 10.5pt; font-family: \'inherit\',\'serif\'; mso-bidi-font-family: Helvetica; color: #1d2129;\">Facebook: Captured Memories Travel and Tours</span></p>\r\n<p style=\"background: white; margin: 4.5pt 0in 4.5pt 0in;\"><span style=\"font-size: 10.5pt; font-family: \'inherit\',\'serif\'; mso-bidi-font-family: Helvetica; color: #1d2129;\">Landline no.: (02) 9178134</span></p>\r\n<p style=\"background: white; margin: 4.5pt 0in 4.5pt 0in;\"><span style=\"font-size: 10.5pt; font-family: \'inherit\',\'serif\'; mso-bidi-font-family: Helvetica; color: #1d2129;\">Phone no.: +63 9155018187 (GLOBE)</span></p>\r\n<p style=\"background: white; margin: 4.5pt 0in 4.5pt 0in;\"><span style=\"font-size: 10.5pt; font-family: \'inherit\',\'serif\'; mso-bidi-font-family: Helvetica; color: #1d2129;\"><span style=\"mso-tab-count: 1;\">&nbsp;&nbsp;&nbsp;&nbsp;&nbsp;&nbsp;&nbsp;&nbsp;&nbsp;&nbsp;&nbsp; </span><span style=\"mso-spacerun: yes;\">&nbsp;&nbsp;&nbsp;&nbsp; </span>+63 9164847665 (GLOBE)</span></p>\r\n<p><!--EndFragment--></p>','2019-07-17','2019-07-18','2019','/Applications/MAMP/htdocs/capture_memories/admin/../public/images/tour/batanestour.png','/capture_memories/public/images/tour/batanestour.png','active','2019-07-10 15:10:14','2019-07-15 07:23:12','0000-00-00 00:00:00'),
	(43,7,'Batanes','','2019-07-23','2019-07-26','2019','/Applications/MAMP/htdocs/capture_memories/admin/../public/images/tour/batanes.jpg','/capture_memories/public/images/tour/batanes.jpg','active','2019-07-15 22:13:49','2019-07-15 22:16:43','2019-07-16 23:01:19');

/*!40000 ALTER TABLE `tbl_tour_package` ENABLE KEYS */;
UNLOCK TABLES;


# Dump of table tbl_tour_package_meta
# ------------------------------------------------------------

DROP TABLE IF EXISTS `tbl_tour_package_meta`;

CREATE TABLE `tbl_tour_package_meta` (
  `id` int(11) unsigned NOT NULL AUTO_INCREMENT,
  `tbl_tour_package_id` int(5) DEFAULT NULL,
  `quantity` varchar(120) DEFAULT NULL,
  `price` int(11) DEFAULT NULL,
  `status` enum('active','inactive') DEFAULT 'active',
  `created_at` datetime DEFAULT NULL,
  `updated_at` datetime DEFAULT NULL,
  `deleted_at` datetime DEFAULT NULL,
  PRIMARY KEY (`id`),
  KEY `tbl_tour_package_id` (`tbl_tour_package_id`)
) ENGINE=InnoDB DEFAULT CHARSET=utf8;

LOCK TABLES `tbl_tour_package_meta` WRITE;
/*!40000 ALTER TABLE `tbl_tour_package_meta` DISABLE KEYS */;

INSERT INTO `tbl_tour_package_meta` (`id`, `tbl_tour_package_id`, `quantity`, `price`, `status`, `created_at`, `updated_at`, `deleted_at`)
VALUES
	(32,38,'1',3001,'active','2019-07-21 14:44:06','2019-07-21 14:44:06','0000-00-00 00:00:00'),
	(33,38,'2',3000,'active','2019-07-21 14:44:06','2019-07-21 14:44:06','0000-00-00 00:00:00'),
	(34,38,'4',4000,'active','2019-07-21 14:44:06','2019-07-21 14:44:06','0000-00-00 00:00:00'),
	(35,39,'1',12010,'active','2019-07-07 20:29:10','2019-07-07 20:29:10','0000-00-00 00:00:00'),
	(36,40,'2',2000,'active','2019-07-15 07:23:12','2019-07-15 07:23:12','0000-00-00 00:00:00'),
	(37,40,'3',5000,'active','2019-07-15 07:23:12','2019-07-15 07:23:12','0000-00-00 00:00:00'),
	(38,38,'5',5000,'active','2019-07-21 14:44:06','2019-07-21 14:44:06','0000-00-00 00:00:00'),
	(39,43,'1',3000,'active','2019-07-15 22:16:43','2019-07-15 22:16:43','0000-00-00 00:00:00');

/*!40000 ALTER TABLE `tbl_tour_package_meta` ENABLE KEYS */;
UNLOCK TABLES;


# Dump of table tbl_travel_insurance
# ------------------------------------------------------------

DROP TABLE IF EXISTS `tbl_travel_insurance`;

CREATE TABLE `tbl_travel_insurance` (
  `id` int(11) unsigned NOT NULL AUTO_INCREMENT,
  `tbl_user_id` int(11) DEFAULT NULL,
  `quantity` int(5) DEFAULT NULL,
  `status` enum('pending','cancelled','done') DEFAULT 'pending',
  `created_at` datetime DEFAULT NULL,
  `updated_at` datetime DEFAULT NULL,
  `deleted_at` datetime DEFAULT NULL,
  PRIMARY KEY (`id`)
) ENGINE=InnoDB DEFAULT CHARSET=utf8;



# Dump of table tbl_travel_insurance_meta
# ------------------------------------------------------------

DROP TABLE IF EXISTS `tbl_travel_insurance_meta`;

CREATE TABLE `tbl_travel_insurance_meta` (
  `id` int(11) unsigned NOT NULL AUTO_INCREMENT,
  `tbl_travel_insurance_id` int(5) DEFAULT NULL,
  `passenger_name` varchar(50) DEFAULT NULL,
  `age` int(5) DEFAULT NULL,
  `birth_date` date DEFAULT NULL,
  `created_at` datetime DEFAULT NULL,
  `updated_at` datetime DEFAULT NULL,
  `deleted_at` datetime DEFAULT NULL,
  PRIMARY KEY (`id`)
) ENGINE=InnoDB DEFAULT CHARSET=utf8;



# Dump of table tbl_user
# ------------------------------------------------------------

DROP TABLE IF EXISTS `tbl_user`;

CREATE TABLE `tbl_user` (
  `id` int(11) unsigned NOT NULL AUTO_INCREMENT,
  `first_name` varchar(50) DEFAULT NULL,
  `last_name` varchar(50) DEFAULT NULL,
  `email` varchar(100) DEFAULT NULL,
  `password` varchar(50) DEFAULT NULL,
  `phone` varchar(30) DEFAULT NULL,
  `birth_date` date DEFAULT NULL,
  `type` enum('user','admin') NOT NULL DEFAULT 'user',
  `active` enum('active','inactive') DEFAULT 'active',
  `created_at` datetime DEFAULT NULL,
  `updated_at` datetime DEFAULT NULL,
  `deleted_at` datetime DEFAULT NULL,
  PRIMARY KEY (`id`)
) ENGINE=InnoDB DEFAULT CHARSET=utf8;

LOCK TABLES `tbl_user` WRITE;
/*!40000 ALTER TABLE `tbl_user` DISABLE KEYS */;

INSERT INTO `tbl_user` (`id`, `first_name`, `last_name`, `email`, `password`, `phone`, `birth_date`, `type`, `active`, `created_at`, `updated_at`, `deleted_at`)
VALUES
	(1,'Sam','Esquejo','sam@oqulo.com','123456','0907929292','1992-09-07','user','active','2019-06-25 16:50:58','2019-06-25 16:50:58','0000-00-00 00:00:00'),
	(2,'Carla','Remo','mjcarlaremo@gmail.com','1234','090932138','1994-09-10','user','active','2019-06-25 17:00:44','2019-06-25 17:00:44','0000-00-00 00:00:00'),
	(4,'sam','esquejio','sam.esquejo@august99.com','12341234','123123','2019-01-03','user','active','2019-06-25 19:12:23','2019-06-25 19:12:23','0000-00-00 00:00:00'),
	(5,'Sam','Esquejo','champot07@gmail.com','12341234','09029191','1992-09-07','user','active','2019-06-25 19:22:19','2019-06-25 19:22:19','0000-00-00 00:00:00'),
	(6,'admin','admin','admin@admin.com','admin',NULL,NULL,'admin','active','2019-06-26 20:47:29','2019-06-26 20:47:29','0000-00-00 00:00:00');

/*!40000 ALTER TABLE `tbl_user` ENABLE KEYS */;
UNLOCK TABLES;


# Dump of table tbl_visa_processing
# ------------------------------------------------------------

DROP TABLE IF EXISTS `tbl_visa_processing`;

CREATE TABLE `tbl_visa_processing` (
  `id` int(11) unsigned NOT NULL AUTO_INCREMENT,
  `tbl_user_id` int(5) DEFAULT NULL,
  `quantity` int(5) DEFAULT NULL,
  `destination` varchar(120) DEFAULT NULL,
  `traveled_from_at` date DEFAULT NULL,
  `traveled_to_at` date DEFAULT NULL,
  `status` enum('pending','cancelled','done') DEFAULT NULL,
  `created_at` datetime DEFAULT NULL,
  `updated_at` datetime DEFAULT NULL,
  `deleted` datetime DEFAULT NULL,
  PRIMARY KEY (`id`)
) ENGINE=InnoDB DEFAULT CHARSET=utf8;



# Dump of table tbl_visa_processing_meta
# ------------------------------------------------------------

DROP TABLE IF EXISTS `tbl_visa_processing_meta`;

CREATE TABLE `tbl_visa_processing_meta` (
  `id` int(11) unsigned NOT NULL AUTO_INCREMENT,
  `tbl_visa_processing_id` int(5) DEFAULT NULL,
  `passenger_name` varchar(50) DEFAULT NULL,
  `age` varchar(3) DEFAULT NULL,
  `created_at` datetime DEFAULT NULL,
  `updated_at` datetime DEFAULT NULL,
  `deleted_at` datetime DEFAULT NULL,
  PRIMARY KEY (`id`)
) ENGINE=InnoDB DEFAULT CHARSET=utf8;



# Dump of table tbl_wifi_rental
# ------------------------------------------------------------

DROP TABLE IF EXISTS `tbl_wifi_rental`;

CREATE TABLE `tbl_wifi_rental` (
  `id` int(11) unsigned NOT NULL AUTO_INCREMENT,
  `tbl_user_id` int(5) DEFAULT NULL,
  `passenger_name` varchar(50) DEFAULT NULL,
  `destination` varchar(120) DEFAULT NULL,
  `traveled_from_at` date DEFAULT NULL,
  `traveled_to_at` date DEFAULT NULL,
  `status` enum('pending','cancelled','done') DEFAULT 'pending',
  `created_at` datetime DEFAULT NULL,
  `updated` datetime DEFAULT NULL,
  `deleted` datetime DEFAULT NULL,
  PRIMARY KEY (`id`)
) ENGINE=InnoDB DEFAULT CHARSET=utf8;




/*!40111 SET SQL_NOTES=@OLD_SQL_NOTES */;
/*!40101 SET SQL_MODE=@OLD_SQL_MODE */;
/*!40014 SET FOREIGN_KEY_CHECKS=@OLD_FOREIGN_KEY_CHECKS */;
/*!40101 SET CHARACTER_SET_CLIENT=@OLD_CHARACTER_SET_CLIENT */;
/*!40101 SET CHARACTER_SET_RESULTS=@OLD_CHARACTER_SET_RESULTS */;
/*!40101 SET COLLATION_CONNECTION=@OLD_COLLATION_CONNECTION */;
