# ************************************************************
# Sequel Pro SQL dump
# Version 4541
#
# http://www.sequelpro.com/
# https://github.com/sequelpro/sequelpro
#
# Host: localhost (MySQL 5.6.38)
# Database: capture_memories
# Generation Time: 2019-11-19 14:36:06 +0000
# ************************************************************


/*!40101 SET @OLD_CHARACTER_SET_CLIENT=@@CHARACTER_SET_CLIENT */;
/*!40101 SET @OLD_CHARACTER_SET_RESULTS=@@CHARACTER_SET_RESULTS */;
/*!40101 SET @OLD_COLLATION_CONNECTION=@@COLLATION_CONNECTION */;
/*!40101 SET NAMES utf8 */;
/*!40014 SET @OLD_FOREIGN_KEY_CHECKS=@@FOREIGN_KEY_CHECKS, FOREIGN_KEY_CHECKS=0 */;
/*!40101 SET @OLD_SQL_MODE=@@SQL_MODE, SQL_MODE='NO_AUTO_VALUE_ON_ZERO' */;
/*!40111 SET @OLD_SQL_NOTES=@@SQL_NOTES, SQL_NOTES=0 */;


# Dump of table tbl_airline_ticket_res
# ------------------------------------------------------------

CREATE TABLE `tbl_airline_ticket_res` (
  `id` int(11) unsigned NOT NULL AUTO_INCREMENT,
  `tbl_user_id` int(11) DEFAULT NULL,
  `passenger_name` varchar(120) DEFAULT NULL,
  `birth_date` date DEFAULT NULL,
  `age` int(11) DEFAULT NULL,
  `type` enum('domestic','international') DEFAULT 'domestic',
  `passport_no` varchar(120) DEFAULT NULL,
  `expiry_date` date DEFAULT NULL,
  `status` enum('pending','cancelled','done') DEFAULT 'pending',
  `created_at` datetime DEFAULT NULL,
  `updated_at` datetime DEFAULT NULL,
  `deleted_at` datetime DEFAULT NULL,
  PRIMARY KEY (`id`)
) ENGINE=InnoDB DEFAULT CHARSET=utf8;

LOCK TABLES `tbl_airline_ticket_res` WRITE;
/*!40000 ALTER TABLE `tbl_airline_ticket_res` DISABLE KEYS */;

INSERT INTO `tbl_airline_ticket_res` (`id`, `tbl_user_id`, `passenger_name`, `birth_date`, `age`, `type`, `passport_no`, `expiry_date`, `status`, `created_at`, `updated_at`, `deleted_at`)
VALUES
	(1,1,'Eric Jonson','2016-01-03',12,'domestic','','0000-00-00','cancelled','2019-07-26 21:32:43','2019-07-27 16:36:33','0000-00-00 00:00:00'),
	(2,1,'Lancelot Mindgram','2013-02-02',20,'international','19123812','2019-07-31','done','2019-07-27 13:11:04','2019-07-27 16:37:10','0000-00-00 00:00:00');

/*!40000 ALTER TABLE `tbl_airline_ticket_res` ENABLE KEYS */;
UNLOCK TABLES;


# Dump of table tbl_booking
# ------------------------------------------------------------

CREATE TABLE `tbl_booking` (
  `id` int(11) unsigned NOT NULL AUTO_INCREMENT,
  `tbl_user_id` int(5) DEFAULT NULL,
  `tbl_tour_package_meta_id` int(5) DEFAULT NULL,
  `transaction_no` varchar(50) DEFAULT NULL,
  `departing_at` date DEFAULT NULL,
  `returning_at` date DEFAULT NULL,
  `status` enum('pending','declined','approved') DEFAULT 'pending',
  `created_at` datetime DEFAULT NULL,
  `updated_at` datetime DEFAULT NULL,
  `deleted_at` datetime DEFAULT NULL,
  PRIMARY KEY (`id`)
) ENGINE=InnoDB DEFAULT CHARSET=utf8;

LOCK TABLES `tbl_booking` WRITE;
/*!40000 ALTER TABLE `tbl_booking` DISABLE KEYS */;

INSERT INTO `tbl_booking` (`id`, `tbl_user_id`, `tbl_tour_package_meta_id`, `transaction_no`, `departing_at`, `returning_at`, `status`, `created_at`, `updated_at`, `deleted_at`)
VALUES
	(1,1,36,NULL,'2019-07-17','2019-07-18','pending','2019-07-22 01:04:44','2019-07-22 01:04:44','0000-00-00 00:00:00'),
	(2,1,36,NULL,'2019-07-17','2019-07-18','pending','2019-07-22 01:06:45','2019-07-22 01:06:45','0000-00-00 00:00:00'),
	(3,1,36,NULL,'2019-07-17','2019-07-18','pending','2019-07-22 01:08:27','2019-07-22 01:08:27','0000-00-00 00:00:00'),
	(4,1,36,NULL,'2019-07-17','2019-07-18','pending','2019-07-22 01:09:38','2019-07-22 01:09:38','0000-00-00 00:00:00'),
	(5,1,36,NULL,'2019-07-17','2019-07-18','pending','2019-07-22 01:09:53','2019-07-22 01:09:53','0000-00-00 00:00:00'),
	(6,1,36,NULL,'2019-07-17','2019-07-18','pending','2019-07-22 01:10:28','2019-07-22 01:10:28','0000-00-00 00:00:00'),
	(7,1,36,NULL,'2019-07-17','2019-07-18','pending','2019-07-22 01:11:22','2019-07-22 01:11:22','0000-00-00 00:00:00'),
	(8,1,36,NULL,'2019-07-17','2019-07-18','pending','2019-07-22 01:12:20','2019-07-22 01:12:20','0000-00-00 00:00:00'),
	(9,1,36,NULL,'2019-07-17','2019-07-18','pending','2019-07-22 01:13:46','2019-07-22 01:13:46','0000-00-00 00:00:00'),
	(10,1,36,NULL,'2019-07-17','2019-07-18','pending','2019-07-22 01:14:14','2019-07-22 01:14:14','0000-00-00 00:00:00'),
	(11,1,36,NULL,'2019-07-17','2019-07-18','pending','2019-07-22 01:16:20','2019-07-22 01:16:20','0000-00-00 00:00:00'),
	(12,1,36,NULL,'2019-07-17','2019-07-18','pending','2019-07-22 01:38:46','2019-07-22 01:38:46','0000-00-00 00:00:00'),
	(13,1,36,NULL,'2019-07-17','2019-07-18','pending','2019-07-22 01:39:24','2019-07-22 01:39:24','0000-00-00 00:00:00'),
	(14,1,37,NULL,'2019-07-17','2019-07-18','pending','2019-07-22 20:57:23','2019-07-22 20:57:23','0000-00-00 00:00:00'),
	(15,1,36,NULL,'2019-07-17','2019-07-18','pending','2019-07-22 21:03:09','2019-07-25 21:03:09','0000-00-00 00:00:00'),
	(16,1,32,NULL,'2019-07-19','2019-07-24','pending','2019-07-22 21:20:57','2019-07-24 21:20:57','0000-00-00 00:00:00'),
	(17,1,35,NULL,'2019-08-01','2019-08-02','pending','2019-07-25 21:56:06','2019-07-25 21:56:06','0000-00-00 00:00:00'),
	(18,2,35,NULL,'2019-07-19','2019-07-21','pending','2019-07-25 22:13:21','2019-07-25 22:13:21','0000-00-00 00:00:00'),
	(19,1,36,NULL,'2019-07-17','2019-07-18','declined','2019-07-27 12:21:55','2019-07-27 15:28:20','0000-00-00 00:00:00'),
	(20,1,34,NULL,'1970-01-01','1970-01-01','declined','2019-07-27 12:25:15','2019-07-27 15:23:15','0000-00-00 00:00:00'),
	(21,2,36,NULL,'2019-07-17','2019-07-18','approved','2019-07-27 15:20:39','2019-07-27 15:27:41','0000-00-00 00:00:00'),
	(22,10,41,NULL,'2019-07-24','2019-07-25','approved','2019-07-27 18:27:10','2019-07-27 18:29:25','0000-00-00 00:00:00'),
	(23,1,41,NULL,'2019-08-01','2019-08-03','declined','2019-08-07 20:41:07','2019-08-07 20:44:10','0000-00-00 00:00:00'),
	(24,11,41,NULL,'2019-08-07','2019-08-08','pending','2019-08-10 18:51:44','2019-08-10 18:51:44','0000-00-00 00:00:00'),
	(25,1,42,NULL,'2019-11-06','2019-11-08','approved','2019-11-10 02:56:26','2019-11-10 02:56:39','0000-00-00 00:00:00'),
	(26,1,42,NULL,'2019-11-08','2019-11-15','approved','2019-11-10 03:00:20','2019-11-10 03:00:28','0000-00-00 00:00:00'),
	(27,1,43,NULL,'2019-11-06','2019-11-13','approved','2019-11-13 18:10:54','2019-11-13 18:25:21','0000-00-00 00:00:00'),
	(28,1,42,'TR-R4813S9EUSNN6PV','2019-11-14','2019-11-15','pending','2019-11-14 09:04:23','2019-11-14 09:04:23','0000-00-00 00:00:00'),
	(29,1,42,'TR-E9C0XT5G236NCTS','2019-11-19','2019-11-20','pending','2019-11-19 13:05:46','2019-11-19 13:05:46','0000-00-00 00:00:00'),
	(30,1,42,'TR-0F5IBABLYRKFHKP','2019-11-19','2019-11-20','pending','2019-11-19 13:24:25','2019-11-19 13:24:25','0000-00-00 00:00:00');

/*!40000 ALTER TABLE `tbl_booking` ENABLE KEYS */;
UNLOCK TABLES;


# Dump of table tbl_booking_meta
# ------------------------------------------------------------

CREATE TABLE `tbl_booking_meta` (
  `id` int(11) unsigned NOT NULL AUTO_INCREMENT,
  `tbl_booking_id` int(11) DEFAULT NULL,
  `companion_name` varchar(120) DEFAULT NULL,
  `birth_date` date DEFAULT NULL,
  `created_at` datetime DEFAULT NULL,
  `updated_at` datetime DEFAULT NULL,
  `deleted_at` datetime DEFAULT NULL,
  PRIMARY KEY (`id`)
) ENGINE=InnoDB DEFAULT CHARSET=utf8;

LOCK TABLES `tbl_booking_meta` WRITE;
/*!40000 ALTER TABLE `tbl_booking_meta` DISABLE KEYS */;

INSERT INTO `tbl_booking_meta` (`id`, `tbl_booking_id`, `companion_name`, `birth_date`, `created_at`, `updated_at`, `deleted_at`)
VALUES
	(1,8,'Sam','0000-00-00','2019-07-22 01:12:20','2019-07-22 01:12:20','0000-00-00 00:00:00'),
	(2,8,'Carla ','0000-00-00','2019-07-22 01:12:20','2019-07-22 01:12:20','0000-00-00 00:00:00'),
	(3,9,'Sam','0000-00-00','2019-07-22 01:13:46','2019-07-22 01:13:46','0000-00-00 00:00:00'),
	(4,9,'Carla ','0000-00-00','2019-07-22 01:13:46','2019-07-22 01:13:46','0000-00-00 00:00:00'),
	(5,10,'Sam','0000-00-00','2019-07-22 01:14:14','2019-07-22 01:14:14','0000-00-00 00:00:00'),
	(6,10,'Carla ','0000-00-00','2019-07-22 01:14:14','2019-07-22 01:14:14','0000-00-00 00:00:00'),
	(7,11,'Sam','0000-00-00','2019-07-22 01:16:20','2019-07-22 01:16:20','0000-00-00 00:00:00'),
	(8,11,'Carla ','0000-00-00','2019-07-22 01:16:20','2019-07-22 01:16:20','0000-00-00 00:00:00'),
	(9,12,'Sam','0000-00-00','2019-07-22 01:38:46','2019-07-22 01:38:46','0000-00-00 00:00:00'),
	(10,12,'Carla ','0000-00-00','2019-07-22 01:38:46','2019-07-22 01:38:46','0000-00-00 00:00:00'),
	(11,13,'Sam','0000-00-00','2019-07-22 01:39:24','2019-07-22 01:39:24','0000-00-00 00:00:00'),
	(12,13,'Carla ','0000-00-00','2019-07-22 01:39:24','2019-07-22 01:39:24','0000-00-00 00:00:00'),
	(13,14,'Carla','0000-00-00','2019-07-22 20:57:23','2019-07-22 20:57:23','0000-00-00 00:00:00'),
	(14,14,'Sam','0000-00-00','2019-07-22 20:57:23','2019-07-22 20:57:23','0000-00-00 00:00:00'),
	(15,14,'Sam','0000-00-00','2019-07-22 20:57:23','2019-07-22 20:57:23','0000-00-00 00:00:00'),
	(16,15,'Carla Remo','0000-00-00','2019-07-22 21:03:09','2019-07-22 21:03:09','0000-00-00 00:00:00'),
	(17,15,'Sam Esquejo','0000-00-00','2019-07-22 21:03:09','2019-07-22 21:03:09','0000-00-00 00:00:00'),
	(18,16,'Sam','0000-00-00','2019-07-22 21:20:57','2019-07-22 21:20:57','0000-00-00 00:00:00'),
	(19,17,'Vaperspoint','0000-00-00','2019-07-22 21:23:39','2019-07-22 21:23:39','0000-00-00 00:00:00'),
	(20,17,'Andrew E','0000-00-00','2019-07-25 21:56:06','2019-07-25 21:56:06','0000-00-00 00:00:00'),
	(21,18,'NYAW MING','0000-00-00','2019-07-25 22:13:21','2019-07-25 22:13:21','0000-00-00 00:00:00'),
	(22,19,'Almond Pricecake','0000-00-00','2019-07-27 12:21:55','2019-07-27 12:21:55','0000-00-00 00:00:00'),
	(23,19,'Jamon Jinggel','0000-00-00','2019-07-27 12:21:55','2019-07-27 12:21:55','0000-00-00 00:00:00'),
	(24,20,'Jack Linkoln','0000-00-00','2019-07-27 12:25:15','2019-07-27 12:25:15','0000-00-00 00:00:00'),
	(25,20,'Erny Fortun','0000-00-00','2019-07-27 12:25:15','2019-07-27 12:25:15','0000-00-00 00:00:00'),
	(26,20,'Jon Jon','0000-00-00','2019-07-27 12:25:15','2019-07-27 12:25:15','0000-00-00 00:00:00'),
	(27,20,'Eggy Silva','0000-00-00','2019-07-27 12:25:15','2019-07-27 12:25:15','0000-00-00 00:00:00'),
	(28,21,'Andre Macdon','0000-00-00','2019-07-27 15:20:39','2019-07-27 15:20:39','0000-00-00 00:00:00'),
	(29,21,'Lambert Lam','0000-00-00','2019-07-27 15:20:39','2019-07-27 15:20:39','0000-00-00 00:00:00'),
	(30,22,'Kenneth Riparip','0000-00-00','2019-07-27 18:27:10','2019-07-27 18:27:10','0000-00-00 00:00:00'),
	(31,22,'Judith Calzado','0000-00-00','2019-07-27 18:27:11','2019-07-27 18:27:11','0000-00-00 00:00:00'),
	(32,23,'Jessica Rodriguez','0000-00-00','2019-08-07 20:41:07','2019-08-07 20:41:07','0000-00-00 00:00:00'),
	(33,23,'Ken Riparip','0000-00-00','2019-08-07 20:41:07','2019-08-07 20:41:07','0000-00-00 00:00:00'),
	(34,24,'Carla','0000-00-00','2019-08-10 18:51:44','2019-08-10 18:51:44','0000-00-00 00:00:00'),
	(35,24,'Almond Pricecake','0000-00-00','2019-08-10 18:51:44','2019-08-10 18:51:44','0000-00-00 00:00:00'),
	(36,25,'sam','0000-00-00','2019-11-10 02:56:26','2019-11-10 02:56:26','0000-00-00 00:00:00'),
	(37,26,'Sam','0000-00-00','2019-11-10 03:00:20','2019-11-10 03:00:20','0000-00-00 00:00:00'),
	(38,27,'Carla','0000-00-00','2019-11-13 18:10:54','2019-11-13 18:10:54','0000-00-00 00:00:00'),
	(39,27,'Sam','0000-00-00','2019-11-13 18:10:54','2019-11-13 18:10:54','0000-00-00 00:00:00'),
	(40,28,'Sam','0000-00-00','2019-11-14 09:04:23','2019-11-14 09:04:23','0000-00-00 00:00:00'),
	(41,29,'Sam','0000-00-00','2019-11-19 13:05:46','2019-11-19 13:05:46','0000-00-00 00:00:00'),
	(42,30,'Sam','2019-11-25','2019-11-19 13:24:25','2019-11-19 13:24:25','0000-00-00 00:00:00');

/*!40000 ALTER TABLE `tbl_booking_meta` ENABLE KEYS */;
UNLOCK TABLES;


# Dump of table tbl_convo
# ------------------------------------------------------------

CREATE TABLE `tbl_convo` (
  `id` int(11) unsigned NOT NULL AUTO_INCREMENT,
  `tbl_user_id` int(11) DEFAULT NULL,
  `tbl_booking_id` int(11) DEFAULT NULL,
  `status` enum('unread','read') DEFAULT 'unread',
  `created_at` datetime DEFAULT NULL,
  `updated_at` datetime DEFAULT NULL,
  `deleted_at` datetime DEFAULT NULL,
  PRIMARY KEY (`id`)
) ENGINE=InnoDB DEFAULT CHARSET=utf8;

LOCK TABLES `tbl_convo` WRITE;
/*!40000 ALTER TABLE `tbl_convo` DISABLE KEYS */;

INSERT INTO `tbl_convo` (`id`, `tbl_user_id`, `tbl_booking_id`, `status`, `created_at`, `updated_at`, `deleted_at`)
VALUES
	(2,1,14,'unread','2019-07-22 20:57:23','2019-07-22 20:57:23','0000-00-00 00:00:00'),
	(3,1,15,'read','2019-07-22 21:03:09','2019-07-24 23:36:08','0000-00-00 00:00:00'),
	(4,1,16,'read','2019-07-22 21:20:57','2019-07-25 02:22:10','0000-00-00 00:00:00'),
	(5,1,17,'read','2019-07-25 21:56:06','2019-07-27 00:11:05','0000-00-00 00:00:00'),
	(6,2,18,'read','2019-07-25 22:13:21','2019-07-25 22:13:21','0000-00-00 00:00:00'),
	(7,1,19,'read','2019-07-27 12:21:55','2019-07-27 12:24:01','0000-00-00 00:00:00'),
	(8,1,20,'read','2019-07-27 12:25:15','2019-07-27 14:46:59','0000-00-00 00:00:00'),
	(9,2,21,'read','2019-07-27 15:20:39','2019-07-27 15:20:39','0000-00-00 00:00:00'),
	(10,10,22,'read','2019-07-27 18:27:11','2019-07-27 18:28:00','0000-00-00 00:00:00'),
	(11,1,23,'read','2019-08-07 20:41:07','2019-08-07 20:43:24','0000-00-00 00:00:00'),
	(12,11,24,'unread','2019-08-10 18:51:44','2019-08-10 18:52:07','0000-00-00 00:00:00'),
	(13,1,25,'read','2019-11-10 02:56:26','2019-11-10 02:56:26','0000-00-00 00:00:00'),
	(14,1,26,'unread','2019-11-10 03:00:20','2019-11-10 03:00:20','0000-00-00 00:00:00'),
	(15,1,27,'read','2019-11-13 18:10:54','2019-11-14 06:12:05','0000-00-00 00:00:00'),
	(16,1,28,'unread','2019-11-14 09:04:23','2019-11-14 10:17:18','0000-00-00 00:00:00'),
	(17,1,29,'read','2019-11-19 13:05:46','2019-11-19 13:05:46','0000-00-00 00:00:00'),
	(18,1,30,'read','2019-11-19 13:24:25','2019-11-19 13:24:25','0000-00-00 00:00:00');

/*!40000 ALTER TABLE `tbl_convo` ENABLE KEYS */;
UNLOCK TABLES;


# Dump of table tbl_message
# ------------------------------------------------------------

CREATE TABLE `tbl_message` (
  `id` int(11) unsigned NOT NULL AUTO_INCREMENT,
  `tbl_convo_id` int(11) DEFAULT NULL,
  `tbl_sender_id` int(11) DEFAULT NULL,
  `tbl_receiver_id` int(11) DEFAULT NULL,
  `description` text,
  `created_at` datetime DEFAULT NULL,
  `updated_at` datetime DEFAULT NULL,
  `deleted_at` datetime DEFAULT NULL,
  PRIMARY KEY (`id`)
) ENGINE=InnoDB DEFAULT CHARSET=utf8;

LOCK TABLES `tbl_message` WRITE;
/*!40000 ALTER TABLE `tbl_message` DISABLE KEYS */;

INSERT INTO `tbl_message` (`id`, `tbl_convo_id`, `tbl_sender_id`, `tbl_receiver_id`, `description`, `created_at`, `updated_at`, `deleted_at`)
VALUES
	(1,2,1,1,'Hi CMTT can we have a meeting?','2019-07-22 20:57:23','2019-07-22 20:57:23','0000-00-00 00:00:00'),
	(2,3,1,1,'Hi give me a sample\r\n','2019-07-22 21:03:09','2019-07-22 21:03:09','0000-00-00 00:00:00'),
	(3,4,1,6,'can you help me with this?','2019-07-22 21:20:57','2019-07-22 21:20:57','0000-00-00 00:00:00'),
	(4,4,6,1,'hi we are vaperspoint mandaluyong','2019-07-22 21:23:40','2019-07-22 21:23:40','0000-00-00 00:00:00'),
	(5,4,1,6,'hi there!','2019-07-23 23:11:11','2019-07-23 23:11:11','0000-00-00 00:00:00'),
	(6,4,1,6,'let be peace on earth!','2019-07-23 23:12:05','2019-07-23 23:12:05','0000-00-00 00:00:00'),
	(7,4,1,6,'hi!','2019-07-23 23:12:20','2019-07-23 23:12:20','0000-00-00 00:00:00'),
	(8,4,1,6,'hello!','2019-07-23 23:34:15','2019-07-23 23:34:15','0000-00-00 00:00:00'),
	(9,3,1,6,'time check','2019-07-23 23:36:08','2019-07-23 23:36:08','0000-00-00 00:00:00'),
	(10,4,1,6,'Lorem ipsum dolor sit amet dolor dolor sasd asdnmaskn jsdasd nasd ajsd nasdj asnd jasdn asjnd','2019-07-25 01:00:15','2019-07-25 01:00:15','0000-00-00 00:00:00'),
	(11,4,1,6,'hi asdmaisdhj asodn aiosdj asiodj asodj asiodj aiosj dasj chinchong','2019-07-25 01:23:36','2019-07-25 01:23:36','0000-00-00 00:00:00'),
	(12,4,6,1,'Hi Madam!','2019-07-25 02:21:34','2019-07-25 02:21:34','0000-00-00 00:00:00'),
	(13,4,6,1,'Good morning po','2019-07-25 02:21:59','2019-07-25 02:21:59','0000-00-00 00:00:00'),
	(14,4,1,6,'helo po may gusto po akong tanong','2019-07-25 02:22:10','2019-07-25 02:22:10','0000-00-00 00:00:00'),
	(15,5,1,6,'Hi There!','2019-07-25 21:56:06','2019-07-25 21:56:06','0000-00-00 00:00:00'),
	(16,6,2,6,'hi hi ihi','2019-07-25 22:13:21','2019-07-25 22:13:21','0000-00-00 00:00:00'),
	(17,5,6,1,'Hello','2019-07-27 00:11:05','2019-07-27 00:11:05','0000-00-00 00:00:00'),
	(18,7,1,6,'we need to make this booking','2019-07-27 12:21:55','2019-07-27 12:21:55','0000-00-00 00:00:00'),
	(19,7,1,6,'hey','2019-07-27 12:23:36','2019-07-27 12:23:36','0000-00-00 00:00:00'),
	(20,7,6,1,'yow','2019-07-27 12:24:01','2019-07-27 12:24:01','0000-00-00 00:00:00'),
	(21,8,1,6,'Hi please make this booking posible','2019-07-27 12:25:15','2019-07-27 12:25:15','0000-00-00 00:00:00'),
	(22,8,6,1,'this is posigble','2019-07-27 14:46:59','2019-07-27 14:46:59','0000-00-00 00:00:00'),
	(23,9,2,6,'hi please','2019-07-27 15:20:39','2019-07-27 15:20:39','0000-00-00 00:00:00'),
	(24,10,10,6,'We need hotel','2019-07-27 18:27:11','2019-07-27 18:27:11','0000-00-00 00:00:00'),
	(25,10,6,10,'Hi there!','2019-07-27 18:28:00','2019-07-27 18:28:00','0000-00-00 00:00:00'),
	(26,11,1,6,'Available po ba ito','2019-08-07 20:41:07','2019-08-07 20:41:07','0000-00-00 00:00:00'),
	(27,11,6,1,'Available po ito','2019-08-07 20:42:31','2019-08-07 20:42:31','0000-00-00 00:00:00'),
	(28,11,1,6,'sige ','2019-08-07 20:43:24','2019-08-07 20:43:24','0000-00-00 00:00:00'),
	(29,12,11,6,'','2019-08-10 18:51:44','2019-08-10 18:51:44','0000-00-00 00:00:00'),
	(30,12,11,6,'tagal naman nyan tssk\r\n','2019-08-10 18:52:07','2019-08-10 18:52:07','0000-00-00 00:00:00'),
	(31,13,1,6,'sample','2019-11-10 02:56:26','2019-11-10 02:56:26','0000-00-00 00:00:00'),
	(32,14,1,6,'sample','2019-11-10 03:00:20','2019-11-10 03:00:20','0000-00-00 00:00:00'),
	(33,15,1,6,'Hi please see my reservation thanks!','2019-11-13 18:10:54','2019-11-13 18:10:54','0000-00-00 00:00:00'),
	(34,15,6,1,'sample','2019-11-14 04:27:11','2019-11-14 04:27:11','0000-00-00 00:00:00'),
	(35,15,6,1,'','2019-11-14 04:28:02','2019-11-14 04:28:02','0000-00-00 00:00:00'),
	(36,15,6,1,'','2019-11-14 04:29:52','2019-11-14 04:29:52','0000-00-00 00:00:00'),
	(37,15,6,1,'','2019-11-14 04:31:15','2019-11-14 04:31:15','0000-00-00 00:00:00'),
	(38,15,6,1,'','2019-11-14 04:32:05','2019-11-14 04:32:05','0000-00-00 00:00:00'),
	(39,15,6,1,'','2019-11-14 04:33:29','2019-11-14 04:33:29','0000-00-00 00:00:00'),
	(40,15,6,1,'','2019-11-14 04:33:43','2019-11-14 04:33:43','0000-00-00 00:00:00'),
	(41,15,6,1,'','2019-11-14 04:35:50','2019-11-14 04:35:50','0000-00-00 00:00:00'),
	(42,15,6,1,'','2019-11-14 04:35:55','2019-11-14 04:35:55','0000-00-00 00:00:00'),
	(43,15,6,1,'','2019-11-14 04:37:05','2019-11-14 04:37:05','0000-00-00 00:00:00'),
	(44,15,6,1,'','2019-11-14 04:38:49','2019-11-14 04:38:49','0000-00-00 00:00:00'),
	(45,15,6,1,'','2019-11-14 04:39:48','2019-11-14 04:39:48','0000-00-00 00:00:00'),
	(46,15,6,1,'','2019-11-14 04:40:01','2019-11-14 04:40:01','0000-00-00 00:00:00'),
	(47,15,6,1,'','2019-11-14 04:41:05','2019-11-14 04:41:05','0000-00-00 00:00:00'),
	(48,15,6,1,'/capture_memories/public/images/files/batanes1.png','2019-11-14 04:41:39','2019-11-14 04:41:39','0000-00-00 00:00:00'),
	(49,15,6,1,'sample 2','2019-11-14 04:42:54','2019-11-14 04:42:54','0000-00-00 00:00:00'),
	(50,15,6,1,'/capture_memories/public/images/files/captured_memories_new.png','2019-11-14 04:48:30','2019-11-14 04:48:30','0000-00-00 00:00:00'),
	(51,15,6,1,'/capture_memories/public/images/files/batanestour.png','2019-11-14 04:49:04','2019-11-14 04:49:04','0000-00-00 00:00:00'),
	(52,15,6,1,'/capture_memories/public/images/files/Screen Shot 2019-09-22 at 5.20.19 PM.png','2019-11-14 04:49:37','2019-11-14 04:49:37','0000-00-00 00:00:00'),
	(53,15,6,1,'/capture_memories/public/images/files/bangkok.jpg','2019-11-14 04:50:19','2019-11-14 04:50:19','0000-00-00 00:00:00'),
	(54,15,1,6,'','2019-11-14 06:05:45','2019-11-14 06:05:45','0000-00-00 00:00:00'),
	(55,15,1,6,'','2019-11-14 06:06:45','2019-11-14 06:06:45','0000-00-00 00:00:00'),
	(56,15,1,6,'','2019-11-14 06:07:40','2019-11-14 06:07:40','0000-00-00 00:00:00'),
	(57,15,1,6,'','2019-11-14 06:07:45','2019-11-14 06:07:45','0000-00-00 00:00:00'),
	(58,15,1,6,'','2019-11-14 06:07:55','2019-11-14 06:07:55','0000-00-00 00:00:00'),
	(59,15,1,6,'','2019-11-14 06:09:08','2019-11-14 06:09:08','0000-00-00 00:00:00'),
	(60,15,1,6,'','2019-11-14 06:09:58','2019-11-14 06:09:58','0000-00-00 00:00:00'),
	(61,15,1,6,'','2019-11-14 06:10:28','2019-11-14 06:10:28','0000-00-00 00:00:00'),
	(62,15,1,6,'','2019-11-14 06:10:48','2019-11-14 06:10:48','0000-00-00 00:00:00'),
	(63,15,1,6,'','2019-11-14 06:11:31','2019-11-14 06:11:31','0000-00-00 00:00:00'),
	(64,15,1,6,'','2019-11-14 06:11:46','2019-11-14 06:11:46','0000-00-00 00:00:00'),
	(65,15,1,6,'','2019-11-14 06:11:51','2019-11-14 06:11:51','0000-00-00 00:00:00'),
	(66,15,1,6,'/capture_memories/public/images/files/Screen Shot 2019-06-25 at 10.53.40 AM.png','2019-11-14 06:12:05','2019-11-14 06:12:05','0000-00-00 00:00:00'),
	(67,16,1,6,'Hi please see my reservation thanks!','2019-11-14 09:04:23','2019-11-14 09:04:23','0000-00-00 00:00:00'),
	(68,16,1,6,'hello','2019-11-14 10:15:26','2019-11-14 10:15:26','0000-00-00 00:00:00'),
	(69,16,1,6,'','2019-11-14 10:15:46','2019-11-14 10:15:46','0000-00-00 00:00:00'),
	(70,16,1,6,'hello','2019-11-14 10:15:52','2019-11-14 10:15:52','0000-00-00 00:00:00'),
	(71,16,1,6,'','2019-11-14 10:17:08','2019-11-14 10:17:08','0000-00-00 00:00:00'),
	(72,16,1,6,'hello','2019-11-14 10:17:12','2019-11-14 10:17:12','0000-00-00 00:00:00'),
	(73,16,1,6,'/capture_memories/public/images/files/Screen Shot 2019-06-25 at 10.53.40 AM.png','2019-11-14 10:17:18','2019-11-14 10:17:18','0000-00-00 00:00:00'),
	(74,17,1,6,'Hi please see my reservation thanks!','2019-11-19 13:05:46','2019-11-19 13:05:46','0000-00-00 00:00:00'),
	(75,18,1,6,'Hi please see my reservation thanks!','2019-11-19 13:24:25','2019-11-19 13:24:25','0000-00-00 00:00:00');

/*!40000 ALTER TABLE `tbl_message` ENABLE KEYS */;
UNLOCK TABLES;


# Dump of table tbl_place
# ------------------------------------------------------------

CREATE TABLE `tbl_place` (
  `id` int(11) unsigned NOT NULL AUTO_INCREMENT,
  `name` text,
  `description` text,
  `type` enum('domestic','international') DEFAULT 'domestic',
  `airline_status` enum('no','yes') DEFAULT 'no',
  `visa_status` enum('no','yes') DEFAULT 'no',
  `wifi_status` enum('no','yes') DEFAULT 'no',
  `tour_status` enum('no','yes') DEFAULT 'no',
  `status` enum('active','inactive') DEFAULT 'active',
  `created_at` datetime DEFAULT NULL,
  `updated_at` datetime DEFAULT NULL,
  `deleted_at` datetime DEFAULT NULL,
  PRIMARY KEY (`id`)
) ENGINE=InnoDB DEFAULT CHARSET=utf8;

LOCK TABLES `tbl_place` WRITE;
/*!40000 ALTER TABLE `tbl_place` DISABLE KEYS */;

INSERT INTO `tbl_place` (`id`, `name`, `description`, `type`, `airline_status`, `visa_status`, `wifi_status`, `tour_status`, `status`, `created_at`, `updated_at`, `deleted_at`)
VALUES
	(7,'Batanes','batanes','domestic','yes','yes','yes','yes','active','2019-07-05 11:35:46','2019-07-27 01:42:38','0000-00-00 00:00:00'),
	(8,'Hongkong','hongkong','international','yes','yes','yes','yes','active','2019-07-05 12:07:50','2019-07-05 12:07:50','0000-00-00 00:00:00'),
	(9,'Bali','','international','yes','yes','yes','yes','active','2019-07-15 13:49:07','2019-11-14 03:31:17','0000-00-00 00:00:00'),
	(10,'Sorsogon','Description','domestic','yes','yes','yes','yes','active','2019-07-27 18:16:47','2019-07-27 18:16:47','0000-00-00 00:00:00'),
	(12,'Singapore','singapore','international','yes','yes','yes','yes','active','2019-11-14 03:31:54','2019-11-14 03:31:54','0000-00-00 00:00:00');

/*!40000 ALTER TABLE `tbl_place` ENABLE KEYS */;
UNLOCK TABLES;


# Dump of table tbl_services
# ------------------------------------------------------------

CREATE TABLE `tbl_services` (
  `id` int(11) unsigned NOT NULL AUTO_INCREMENT,
  `tbl_user_id` int(11) DEFAULT NULL,
  `tbl_service_id` int(11) DEFAULT NULL,
  `type` enum('airline','visa','wifi','travel') DEFAULT 'airline',
  `status` enum('active','inactive') DEFAULT 'active',
  `created_at` datetime DEFAULT NULL,
  `updated_at` datetime DEFAULT NULL,
  `deleted_at` datetime DEFAULT NULL,
  PRIMARY KEY (`id`)
) ENGINE=InnoDB DEFAULT CHARSET=utf8;

LOCK TABLES `tbl_services` WRITE;
/*!40000 ALTER TABLE `tbl_services` DISABLE KEYS */;

INSERT INTO `tbl_services` (`id`, `tbl_user_id`, `tbl_service_id`, `type`, `status`, `created_at`, `updated_at`, `deleted_at`)
VALUES
	(1,1,1,'wifi','active','2019-07-26 21:31:32','2019-07-26 21:31:32','0000-00-00 00:00:00'),
	(2,1,2,'wifi','active','2019-07-26 21:32:04','2019-07-26 21:32:04','0000-00-00 00:00:00'),
	(3,1,1,'airline','active','2019-07-26 21:32:43','2019-07-27 16:03:11','0000-00-00 00:00:00'),
	(4,1,1,'travel','active','2019-07-26 21:37:29','2019-07-26 21:37:29','0000-00-00 00:00:00'),
	(5,1,1,'visa','','2019-07-27 13:09:04','2019-07-27 15:32:28','0000-00-00 00:00:00'),
	(6,1,2,'airline','active','2019-07-27 13:11:04','2019-11-11 00:00:00','0000-00-00 00:00:00'),
	(7,2,3,'wifi','active','2019-07-27 13:59:43','2019-07-27 14:37:33','0000-00-00 00:00:00'),
	(8,2,2,'visa','active','2019-07-27 15:35:09','2019-07-27 15:38:35','0000-00-00 00:00:00'),
	(9,1,3,'visa','active','2019-07-27 16:04:00','2019-07-27 16:05:05','0000-00-00 00:00:00'),
	(10,10,4,'wifi','active','2019-07-27 18:32:17','2019-07-27 18:32:17','0000-00-00 00:00:00'),
	(11,1,4,'visa','active','2019-11-10 04:47:39','2019-11-10 04:49:18','0000-00-00 00:00:00');

/*!40000 ALTER TABLE `tbl_services` ENABLE KEYS */;
UNLOCK TABLES;


# Dump of table tbl_services_message
# ------------------------------------------------------------

CREATE TABLE `tbl_services_message` (
  `id` int(11) unsigned NOT NULL AUTO_INCREMENT,
  `tbl_services_id` int(11) DEFAULT NULL,
  `tbl_sender_id` int(11) DEFAULT NULL,
  `tbl_receiver_id` int(11) DEFAULT NULL,
  `description` text,
  `created_at` datetime DEFAULT NULL,
  `updated_at` datetime DEFAULT NULL,
  `deleted_at` datetime DEFAULT NULL,
  PRIMARY KEY (`id`)
) ENGINE=InnoDB DEFAULT CHARSET=utf8;

LOCK TABLES `tbl_services_message` WRITE;
/*!40000 ALTER TABLE `tbl_services_message` DISABLE KEYS */;

INSERT INTO `tbl_services_message` (`id`, `tbl_services_id`, `tbl_sender_id`, `tbl_receiver_id`, `description`, `created_at`, `updated_at`, `deleted_at`)
VALUES
	(1,1,1,6,'Hi there wifi rental here','2019-07-26 00:00:00','2019-07-26 00:00:00','0000-00-00 00:00:00'),
	(2,2,1,6,'Hi there wifi rental here for international','2019-07-26 00:00:00','2019-07-26 00:00:00','0000-00-00 00:00:00'),
	(3,3,1,6,'Domestic airline ticketing','2019-07-26 00:00:00','2019-11-11 00:00:00','0000-00-00 00:00:00'),
	(4,4,1,6,'Hi I am Jon Snow','2019-07-26 00:00:00','2019-07-26 00:00:00','0000-00-00 00:00:00'),
	(5,5,1,6,'Hi please help my visa process thanks!','2019-07-27 00:00:00','2019-07-27 00:00:00','0000-00-00 00:00:00'),
	(6,6,1,6,'Hi im here for airline ticketing','2019-07-27 00:00:00','2019-07-27 00:00:00','0000-00-00 00:00:00'),
	(7,5,1,6,'hello?','2019-07-27 00:00:00','2019-07-27 00:00:00','0000-00-00 00:00:00'),
	(8,5,1,6,'Checking','2019-07-27 13:44:10','2019-07-27 13:44:10','0000-00-00 00:00:00'),
	(9,5,1,6,'Is anyone there?','2019-07-27 13:46:24','2019-07-27 13:46:24','0000-00-00 00:00:00'),
	(10,5,1,6,'hello@?','2019-07-27 13:55:00','2019-07-27 13:55:00','0000-00-00 00:00:00'),
	(11,7,2,6,'INquiring now','2019-07-27 13:59:43','2019-07-27 13:59:43','0000-00-00 00:00:00'),
	(12,7,6,2,'hello there','2019-07-27 14:37:33','2019-07-27 14:37:33','0000-00-00 00:00:00'),
	(13,5,6,1,'hello?','2019-07-27 15:32:28','2019-07-27 15:32:28','0000-00-00 00:00:00'),
	(14,8,2,6,'please process my visa','2019-07-27 15:35:09','2019-07-27 15:35:09','0000-00-00 00:00:00'),
	(15,8,6,2,'hello','2019-07-27 15:38:35','2019-07-27 15:38:35','0000-00-00 00:00:00'),
	(16,3,1,6,'hello? anyone?\r\n','2019-07-27 16:00:06','2019-11-11 00:00:00','0000-00-00 00:00:00'),
	(17,3,6,1,'Hi','2019-07-27 16:03:11','2019-11-11 00:00:00','0000-00-00 00:00:00'),
	(18,9,1,6,'make me an appointment','2019-07-27 16:04:00','2019-07-27 16:04:00','0000-00-00 00:00:00'),
	(19,9,1,6,'give me something','2019-07-27 16:05:05','2019-07-27 16:05:05','0000-00-00 00:00:00'),
	(20,10,10,6,'We need a wifi for this place','2019-07-27 18:32:17','2019-07-27 18:32:17','0000-00-00 00:00:00'),
	(21,11,1,6,'sample','2019-11-10 04:47:39','2019-11-10 04:47:39','0000-00-00 00:00:00'),
	(22,11,6,1,'hi','2019-11-10 04:48:57','2019-11-10 04:48:57','0000-00-00 00:00:00'),
	(23,11,1,6,'hi','2019-11-10 04:49:07','2019-11-10 04:49:07','0000-00-00 00:00:00'),
	(24,11,1,6,'hello','2019-11-10 04:49:18','2019-11-10 04:49:18','0000-00-00 00:00:00');

/*!40000 ALTER TABLE `tbl_services_message` ENABLE KEYS */;
UNLOCK TABLES;


# Dump of table tbl_site
# ------------------------------------------------------------

CREATE TABLE `tbl_site` (
  `id` int(11) unsigned NOT NULL AUTO_INCREMENT,
  `name` varchar(50) DEFAULT NULL,
  `logo_path` text,
  `invoice_header` varchar(50) DEFAULT NULL,
  `invoice_footer` varchar(50) DEFAULT NULL,
  `created_at` datetime DEFAULT NULL,
  `updated_at` datetime DEFAULT NULL,
  `deleted_at` datetime DEFAULT NULL,
  PRIMARY KEY (`id`)
) ENGINE=InnoDB DEFAULT CHARSET=utf8;



# Dump of table tbl_tour_package
# ------------------------------------------------------------

CREATE TABLE `tbl_tour_package` (
  `id` int(11) unsigned NOT NULL AUTO_INCREMENT,
  `place_id` int(11) DEFAULT NULL,
  `name` text,
  `description` longtext,
  `travel_period_from_at` date DEFAULT NULL,
  `travel_period_to_at` date DEFAULT NULL,
  `downpayment_duration` varchar(30) DEFAULT NULL,
  `selling_period` varchar(120) DEFAULT NULL,
  `tour_limit` int(11) DEFAULT '0',
  `image_path` text,
  `image_public_path` text,
  `status` enum('active','inactive') DEFAULT NULL,
  `created_at` datetime DEFAULT NULL,
  `updated_at` datetime DEFAULT NULL,
  `deleted_at` datetime DEFAULT NULL,
  PRIMARY KEY (`id`)
) ENGINE=InnoDB DEFAULT CHARSET=utf8;

LOCK TABLES `tbl_tour_package` WRITE;
/*!40000 ALTER TABLE `tbl_tour_package` DISABLE KEYS */;

INSERT INTO `tbl_tour_package` (`id`, `place_id`, `name`, `description`, `travel_period_from_at`, `travel_period_to_at`, `downpayment_duration`, `selling_period`, `tour_limit`, `image_path`, `image_public_path`, `status`, `created_at`, `updated_at`, `deleted_at`)
VALUES
	(38,7,'BATANES 3D2N PROMO PACKAGE NEW1','<p><!-- [if gte mso 9]><xml>\r\n <o:DocumentProperties>\r\n  <o:Revision>0</o:Revision>\r\n  <o:TotalTime>0</o:TotalTime>\r\n  <o:Pages>1</o:Pages>\r\n  <o:Words>158</o:Words>\r\n  <o:Characters>905</o:Characters>\r\n  <o:Company>a99</o:Company>\r\n  <o:Lines>7</o:Lines>\r\n  <o:Paragraphs>2</o:Paragraphs>\r\n  <o:CharactersWithSpaces>1061</o:CharactersWithSpaces>\r\n  <o:Version>14.0</o:Version>\r\n </o:DocumentProperties>\r\n <o:OfficeDocumentSettings>\r\n  <o:AllowPNG/>\r\n </o:OfficeDocumentSettings>\r\n</xml><![endif]--> <!-- [if gte mso 9]><xml>\r\n <w:WordDocument>\r\n  <w:View>Normal</w:View>\r\n  <w:Zoom>0</w:Zoom>\r\n  <w:TrackMoves/>\r\n  <w:TrackFormatting/>\r\n  <w:PunctuationKerning/>\r\n  <w:ValidateAgainstSchemas/>\r\n  <w:SaveIfXMLInvalid>false</w:SaveIfXMLInvalid>\r\n  <w:IgnoreMixedContent>false</w:IgnoreMixedContent>\r\n  <w:AlwaysShowPlaceholderText>false</w:AlwaysShowPlaceholderText>\r\n  <w:DoNotPromoteQF/>\r\n  <w:LidThemeOther>EN-US</w:LidThemeOther>\r\n  <w:LidThemeAsian>JA</w:LidThemeAsian>\r\n  <w:LidThemeComplexScript>X-NONE</w:LidThemeComplexScript>\r\n  <w:Compatibility>\r\n   <w:BreakWrappedTables/>\r\n   <w:SnapToGridInCell/>\r\n   <w:WrapTextWithPunct/>\r\n   <w:UseAsianBreakRules/>\r\n   <w:DontGrowAutofit/>\r\n   <w:SplitPgBreakAndParaMark/>\r\n   <w:EnableOpenTypeKerning/>\r\n   <w:DontFlipMirrorIndents/>\r\n   <w:OverrideTableStyleHps/>\r\n  </w:Compatibility>\r\n  <m:mathPr>\r\n   <m:mathFont m:val=\"Cambria Math\"/>\r\n   <m:brkBin m:val=\"before\"/>\r\n   <m:brkBinSub m:val=\"&#45;-\"/>\r\n   <m:smallFrac m:val=\"off\"/>\r\n   <m:dispDef/>\r\n   <m:lMargin m:val=\"0\"/>\r\n   <m:rMargin m:val=\"0\"/>\r\n   <m:defJc m:val=\"centerGroup\"/>\r\n   <m:wrapIndent m:val=\"1440\"/>\r\n   <m:intLim m:val=\"subSup\"/>\r\n   <m:naryLim m:val=\"undOvr\"/>\r\n  </m:mathPr></w:WordDocument>\r\n</xml><![endif]--><!-- [if gte mso 9]><xml>\r\n <w:LatentStyles DefLockedState=\"false\" DefUnhideWhenUsed=\"true\"\r\n  DefSemiHidden=\"true\" DefQFormat=\"false\" DefPriority=\"99\"\r\n  LatentStyleCount=\"276\">\r\n  <w:LsdException Locked=\"false\" Priority=\"0\" SemiHidden=\"false\"\r\n   UnhideWhenUsed=\"false\" QFormat=\"true\" Name=\"Normal\"/>\r\n  <w:LsdException Locked=\"false\" Priority=\"9\" SemiHidden=\"false\"\r\n   UnhideWhenUsed=\"false\" QFormat=\"true\" Name=\"heading 1\"/>\r\n  <w:LsdException Locked=\"false\" Priority=\"9\" QFormat=\"true\" Name=\"heading 2\"/>\r\n  <w:LsdException Locked=\"false\" Priority=\"9\" QFormat=\"true\" Name=\"heading 3\"/>\r\n  <w:LsdException Locked=\"false\" Priority=\"9\" QFormat=\"true\" Name=\"heading 4\"/>\r\n  <w:LsdException Locked=\"false\" Priority=\"9\" QFormat=\"true\" Name=\"heading 5\"/>\r\n  <w:LsdException Locked=\"false\" Priority=\"9\" QFormat=\"true\" Name=\"heading 6\"/>\r\n  <w:LsdException Locked=\"false\" Priority=\"9\" QFormat=\"true\" Name=\"heading 7\"/>\r\n  <w:LsdException Locked=\"false\" Priority=\"9\" QFormat=\"true\" Name=\"heading 8\"/>\r\n  <w:LsdException Locked=\"false\" Priority=\"9\" QFormat=\"true\" Name=\"heading 9\"/>\r\n  <w:LsdException Locked=\"false\" Priority=\"39\" Name=\"toc 1\"/>\r\n  <w:LsdException Locked=\"false\" Priority=\"39\" Name=\"toc 2\"/>\r\n  <w:LsdException Locked=\"false\" Priority=\"39\" Name=\"toc 3\"/>\r\n  <w:LsdException Locked=\"false\" Priority=\"39\" Name=\"toc 4\"/>\r\n  <w:LsdException Locked=\"false\" Priority=\"39\" Name=\"toc 5\"/>\r\n  <w:LsdException Locked=\"false\" Priority=\"39\" Name=\"toc 6\"/>\r\n  <w:LsdException Locked=\"false\" Priority=\"39\" Name=\"toc 7\"/>\r\n  <w:LsdException Locked=\"false\" Priority=\"39\" Name=\"toc 8\"/>\r\n  <w:LsdException Locked=\"false\" Priority=\"39\" Name=\"toc 9\"/>\r\n  <w:LsdException Locked=\"false\" Priority=\"35\" QFormat=\"true\" Name=\"caption\"/>\r\n  <w:LsdException Locked=\"false\" Priority=\"10\" SemiHidden=\"false\"\r\n   UnhideWhenUsed=\"false\" QFormat=\"true\" Name=\"Title\"/>\r\n  <w:LsdException Locked=\"false\" Priority=\"1\" Name=\"Default Paragraph Font\"/>\r\n  <w:LsdException Locked=\"false\" Priority=\"11\" SemiHidden=\"false\"\r\n   UnhideWhenUsed=\"false\" QFormat=\"true\" Name=\"Subtitle\"/>\r\n  <w:LsdException Locked=\"false\" Priority=\"22\" SemiHidden=\"false\"\r\n   UnhideWhenUsed=\"false\" QFormat=\"true\" Name=\"Strong\"/>\r\n  <w:LsdException Locked=\"false\" Priority=\"20\" SemiHidden=\"false\"\r\n   UnhideWhenUsed=\"false\" QFormat=\"true\" Name=\"Emphasis\"/>\r\n  <w:LsdException Locked=\"false\" Priority=\"59\" SemiHidden=\"false\"\r\n   UnhideWhenUsed=\"false\" Name=\"Table Grid\"/>\r\n  <w:LsdException Locked=\"false\" UnhideWhenUsed=\"false\" Name=\"Placeholder Text\"/>\r\n  <w:LsdException Locked=\"false\" Priority=\"1\" SemiHidden=\"false\"\r\n   UnhideWhenUsed=\"false\" QFormat=\"true\" Name=\"No Spacing\"/>\r\n  <w:LsdException Locked=\"false\" Priority=\"60\" SemiHidden=\"false\"\r\n   UnhideWhenUsed=\"false\" Name=\"Light Shading\"/>\r\n  <w:LsdException Locked=\"false\" Priority=\"61\" SemiHidden=\"false\"\r\n   UnhideWhenUsed=\"false\" Name=\"Light List\"/>\r\n  <w:LsdException Locked=\"false\" Priority=\"62\" SemiHidden=\"false\"\r\n   UnhideWhenUsed=\"false\" Name=\"Light Grid\"/>\r\n  <w:LsdException Locked=\"false\" Priority=\"63\" SemiHidden=\"false\"\r\n   UnhideWhenUsed=\"false\" Name=\"Medium Shading 1\"/>\r\n  <w:LsdException Locked=\"false\" Priority=\"64\" SemiHidden=\"false\"\r\n   UnhideWhenUsed=\"false\" Name=\"Medium Shading 2\"/>\r\n  <w:LsdException Locked=\"false\" Priority=\"65\" SemiHidden=\"false\"\r\n   UnhideWhenUsed=\"false\" Name=\"Medium List 1\"/>\r\n  <w:LsdException Locked=\"false\" Priority=\"66\" SemiHidden=\"false\"\r\n   UnhideWhenUsed=\"false\" Name=\"Medium List 2\"/>\r\n  <w:LsdException Locked=\"false\" Priority=\"67\" SemiHidden=\"false\"\r\n   UnhideWhenUsed=\"false\" Name=\"Medium Grid 1\"/>\r\n  <w:LsdException Locked=\"false\" Priority=\"68\" SemiHidden=\"false\"\r\n   UnhideWhenUsed=\"false\" Name=\"Medium Grid 2\"/>\r\n  <w:LsdException Locked=\"false\" Priority=\"69\" SemiHidden=\"false\"\r\n   UnhideWhenUsed=\"false\" Name=\"Medium Grid 3\"/>\r\n  <w:LsdException Locked=\"false\" Priority=\"70\" SemiHidden=\"false\"\r\n   UnhideWhenUsed=\"false\" Name=\"Dark List\"/>\r\n  <w:LsdException Locked=\"false\" Priority=\"71\" SemiHidden=\"false\"\r\n   UnhideWhenUsed=\"false\" Name=\"Colorful Shading\"/>\r\n  <w:LsdException Locked=\"false\" Priority=\"72\" SemiHidden=\"false\"\r\n   UnhideWhenUsed=\"false\" Name=\"Colorful List\"/>\r\n  <w:LsdException Locked=\"false\" Priority=\"73\" SemiHidden=\"false\"\r\n   UnhideWhenUsed=\"false\" Name=\"Colorful Grid\"/>\r\n  <w:LsdException Locked=\"false\" Priority=\"60\" SemiHidden=\"false\"\r\n   UnhideWhenUsed=\"false\" Name=\"Light Shading Accent 1\"/>\r\n  <w:LsdException Locked=\"false\" Priority=\"61\" SemiHidden=\"false\"\r\n   UnhideWhenUsed=\"false\" Name=\"Light List Accent 1\"/>\r\n  <w:LsdException Locked=\"false\" Priority=\"62\" SemiHidden=\"false\"\r\n   UnhideWhenUsed=\"false\" Name=\"Light Grid Accent 1\"/>\r\n  <w:LsdException Locked=\"false\" Priority=\"63\" SemiHidden=\"false\"\r\n   UnhideWhenUsed=\"false\" Name=\"Medium Shading 1 Accent 1\"/>\r\n  <w:LsdException Locked=\"false\" Priority=\"64\" SemiHidden=\"false\"\r\n   UnhideWhenUsed=\"false\" Name=\"Medium Shading 2 Accent 1\"/>\r\n  <w:LsdException Locked=\"false\" Priority=\"65\" SemiHidden=\"false\"\r\n   UnhideWhenUsed=\"false\" Name=\"Medium List 1 Accent 1\"/>\r\n  <w:LsdException Locked=\"false\" UnhideWhenUsed=\"false\" Name=\"Revision\"/>\r\n  <w:LsdException Locked=\"false\" Priority=\"34\" SemiHidden=\"false\"\r\n   UnhideWhenUsed=\"false\" QFormat=\"true\" Name=\"List Paragraph\"/>\r\n  <w:LsdException Locked=\"false\" Priority=\"29\" SemiHidden=\"false\"\r\n   UnhideWhenUsed=\"false\" QFormat=\"true\" Name=\"Quote\"/>\r\n  <w:LsdException Locked=\"false\" Priority=\"30\" SemiHidden=\"false\"\r\n   UnhideWhenUsed=\"false\" QFormat=\"true\" Name=\"Intense Quote\"/>\r\n  <w:LsdException Locked=\"false\" Priority=\"66\" SemiHidden=\"false\"\r\n   UnhideWhenUsed=\"false\" Name=\"Medium List 2 Accent 1\"/>\r\n  <w:LsdException Locked=\"false\" Priority=\"67\" SemiHidden=\"false\"\r\n   UnhideWhenUsed=\"false\" Name=\"Medium Grid 1 Accent 1\"/>\r\n  <w:LsdException Locked=\"false\" Priority=\"68\" SemiHidden=\"false\"\r\n   UnhideWhenUsed=\"false\" Name=\"Medium Grid 2 Accent 1\"/>\r\n  <w:LsdException Locked=\"false\" Priority=\"69\" SemiHidden=\"false\"\r\n   UnhideWhenUsed=\"false\" Name=\"Medium Grid 3 Accent 1\"/>\r\n  <w:LsdException Locked=\"false\" Priority=\"70\" SemiHidden=\"false\"\r\n   UnhideWhenUsed=\"false\" Name=\"Dark List Accent 1\"/>\r\n  <w:LsdException Locked=\"false\" Priority=\"71\" SemiHidden=\"false\"\r\n   UnhideWhenUsed=\"false\" Name=\"Colorful Shading Accent 1\"/>\r\n  <w:LsdException Locked=\"false\" Priority=\"72\" SemiHidden=\"false\"\r\n   UnhideWhenUsed=\"false\" Name=\"Colorful List Accent 1\"/>\r\n  <w:LsdException Locked=\"false\" Priority=\"73\" SemiHidden=\"false\"\r\n   UnhideWhenUsed=\"false\" Name=\"Colorful Grid Accent 1\"/>\r\n  <w:LsdException Locked=\"false\" Priority=\"60\" SemiHidden=\"false\"\r\n   UnhideWhenUsed=\"false\" Name=\"Light Shading Accent 2\"/>\r\n  <w:LsdException Locked=\"false\" Priority=\"61\" SemiHidden=\"false\"\r\n   UnhideWhenUsed=\"false\" Name=\"Light List Accent 2\"/>\r\n  <w:LsdException Locked=\"false\" Priority=\"62\" SemiHidden=\"false\"\r\n   UnhideWhenUsed=\"false\" Name=\"Light Grid Accent 2\"/>\r\n  <w:LsdException Locked=\"false\" Priority=\"63\" SemiHidden=\"false\"\r\n   UnhideWhenUsed=\"false\" Name=\"Medium Shading 1 Accent 2\"/>\r\n  <w:LsdException Locked=\"false\" Priority=\"64\" SemiHidden=\"false\"\r\n   UnhideWhenUsed=\"false\" Name=\"Medium Shading 2 Accent 2\"/>\r\n  <w:LsdException Locked=\"false\" Priority=\"65\" SemiHidden=\"false\"\r\n   UnhideWhenUsed=\"false\" Name=\"Medium List 1 Accent 2\"/>\r\n  <w:LsdException Locked=\"false\" Priority=\"66\" SemiHidden=\"false\"\r\n   UnhideWhenUsed=\"false\" Name=\"Medium List 2 Accent 2\"/>\r\n  <w:LsdException Locked=\"false\" Priority=\"67\" SemiHidden=\"false\"\r\n   UnhideWhenUsed=\"false\" Name=\"Medium Grid 1 Accent 2\"/>\r\n  <w:LsdException Locked=\"false\" Priority=\"68\" SemiHidden=\"false\"\r\n   UnhideWhenUsed=\"false\" Name=\"Medium Grid 2 Accent 2\"/>\r\n  <w:LsdException Locked=\"false\" Priority=\"69\" SemiHidden=\"false\"\r\n   UnhideWhenUsed=\"false\" Name=\"Medium Grid 3 Accent 2\"/>\r\n  <w:LsdException Locked=\"false\" Priority=\"70\" SemiHidden=\"false\"\r\n   UnhideWhenUsed=\"false\" Name=\"Dark List Accent 2\"/>\r\n  <w:LsdException Locked=\"false\" Priority=\"71\" SemiHidden=\"false\"\r\n   UnhideWhenUsed=\"false\" Name=\"Colorful Shading Accent 2\"/>\r\n  <w:LsdException Locked=\"false\" Priority=\"72\" SemiHidden=\"false\"\r\n   UnhideWhenUsed=\"false\" Name=\"Colorful List Accent 2\"/>\r\n  <w:LsdException Locked=\"false\" Priority=\"73\" SemiHidden=\"false\"\r\n   UnhideWhenUsed=\"false\" Name=\"Colorful Grid Accent 2\"/>\r\n  <w:LsdException Locked=\"false\" Priority=\"60\" SemiHidden=\"false\"\r\n   UnhideWhenUsed=\"false\" Name=\"Light Shading Accent 3\"/>\r\n  <w:LsdException Locked=\"false\" Priority=\"61\" SemiHidden=\"false\"\r\n   UnhideWhenUsed=\"false\" Name=\"Light List Accent 3\"/>\r\n  <w:LsdException Locked=\"false\" Priority=\"62\" SemiHidden=\"false\"\r\n   UnhideWhenUsed=\"false\" Name=\"Light Grid Accent 3\"/>\r\n  <w:LsdException Locked=\"false\" Priority=\"63\" SemiHidden=\"false\"\r\n   UnhideWhenUsed=\"false\" Name=\"Medium Shading 1 Accent 3\"/>\r\n  <w:LsdException Locked=\"false\" Priority=\"64\" SemiHidden=\"false\"\r\n   UnhideWhenUsed=\"false\" Name=\"Medium Shading 2 Accent 3\"/>\r\n  <w:LsdException Locked=\"false\" Priority=\"65\" SemiHidden=\"false\"\r\n   UnhideWhenUsed=\"false\" Name=\"Medium List 1 Accent 3\"/>\r\n  <w:LsdException Locked=\"false\" Priority=\"66\" SemiHidden=\"false\"\r\n   UnhideWhenUsed=\"false\" Name=\"Medium List 2 Accent 3\"/>\r\n  <w:LsdException Locked=\"false\" Priority=\"67\" SemiHidden=\"false\"\r\n   UnhideWhenUsed=\"false\" Name=\"Medium Grid 1 Accent 3\"/>\r\n  <w:LsdException Locked=\"false\" Priority=\"68\" SemiHidden=\"false\"\r\n   UnhideWhenUsed=\"false\" Name=\"Medium Grid 2 Accent 3\"/>\r\n  <w:LsdException Locked=\"false\" Priority=\"69\" SemiHidden=\"false\"\r\n   UnhideWhenUsed=\"false\" Name=\"Medium Grid 3 Accent 3\"/>\r\n  <w:LsdException Locked=\"false\" Priority=\"70\" SemiHidden=\"false\"\r\n   UnhideWhenUsed=\"false\" Name=\"Dark List Accent 3\"/>\r\n  <w:LsdException Locked=\"false\" Priority=\"71\" SemiHidden=\"false\"\r\n   UnhideWhenUsed=\"false\" Name=\"Colorful Shading Accent 3\"/>\r\n  <w:LsdException Locked=\"false\" Priority=\"72\" SemiHidden=\"false\"\r\n   UnhideWhenUsed=\"false\" Name=\"Colorful List Accent 3\"/>\r\n  <w:LsdException Locked=\"false\" Priority=\"73\" SemiHidden=\"false\"\r\n   UnhideWhenUsed=\"false\" Name=\"Colorful Grid Accent 3\"/>\r\n  <w:LsdException Locked=\"false\" Priority=\"60\" SemiHidden=\"false\"\r\n   UnhideWhenUsed=\"false\" Name=\"Light Shading Accent 4\"/>\r\n  <w:LsdException Locked=\"false\" Priority=\"61\" SemiHidden=\"false\"\r\n   UnhideWhenUsed=\"false\" Name=\"Light List Accent 4\"/>\r\n  <w:LsdException Locked=\"false\" Priority=\"62\" SemiHidden=\"false\"\r\n   UnhideWhenUsed=\"false\" Name=\"Light Grid Accent 4\"/>\r\n  <w:LsdException Locked=\"false\" Priority=\"63\" SemiHidden=\"false\"\r\n   UnhideWhenUsed=\"false\" Name=\"Medium Shading 1 Accent 4\"/>\r\n  <w:LsdException Locked=\"false\" Priority=\"64\" SemiHidden=\"false\"\r\n   UnhideWhenUsed=\"false\" Name=\"Medium Shading 2 Accent 4\"/>\r\n  <w:LsdException Locked=\"false\" Priority=\"65\" SemiHidden=\"false\"\r\n   UnhideWhenUsed=\"false\" Name=\"Medium List 1 Accent 4\"/>\r\n  <w:LsdException Locked=\"false\" Priority=\"66\" SemiHidden=\"false\"\r\n   UnhideWhenUsed=\"false\" Name=\"Medium List 2 Accent 4\"/>\r\n  <w:LsdException Locked=\"false\" Priority=\"67\" SemiHidden=\"false\"\r\n   UnhideWhenUsed=\"false\" Name=\"Medium Grid 1 Accent 4\"/>\r\n  <w:LsdException Locked=\"false\" Priority=\"68\" SemiHidden=\"false\"\r\n   UnhideWhenUsed=\"false\" Name=\"Medium Grid 2 Accent 4\"/>\r\n  <w:LsdException Locked=\"false\" Priority=\"69\" SemiHidden=\"false\"\r\n   UnhideWhenUsed=\"false\" Name=\"Medium Grid 3 Accent 4\"/>\r\n  <w:LsdException Locked=\"false\" Priority=\"70\" SemiHidden=\"false\"\r\n   UnhideWhenUsed=\"false\" Name=\"Dark List Accent 4\"/>\r\n  <w:LsdException Locked=\"false\" Priority=\"71\" SemiHidden=\"false\"\r\n   UnhideWhenUsed=\"false\" Name=\"Colorful Shading Accent 4\"/>\r\n  <w:LsdException Locked=\"false\" Priority=\"72\" SemiHidden=\"false\"\r\n   UnhideWhenUsed=\"false\" Name=\"Colorful List Accent 4\"/>\r\n  <w:LsdException Locked=\"false\" Priority=\"73\" SemiHidden=\"false\"\r\n   UnhideWhenUsed=\"false\" Name=\"Colorful Grid Accent 4\"/>\r\n  <w:LsdException Locked=\"false\" Priority=\"60\" SemiHidden=\"false\"\r\n   UnhideWhenUsed=\"false\" Name=\"Light Shading Accent 5\"/>\r\n  <w:LsdException Locked=\"false\" Priority=\"61\" SemiHidden=\"false\"\r\n   UnhideWhenUsed=\"false\" Name=\"Light List Accent 5\"/>\r\n  <w:LsdException Locked=\"false\" Priority=\"62\" SemiHidden=\"false\"\r\n   UnhideWhenUsed=\"false\" Name=\"Light Grid Accent 5\"/>\r\n  <w:LsdException Locked=\"false\" Priority=\"63\" SemiHidden=\"false\"\r\n   UnhideWhenUsed=\"false\" Name=\"Medium Shading 1 Accent 5\"/>\r\n  <w:LsdException Locked=\"false\" Priority=\"64\" SemiHidden=\"false\"\r\n   UnhideWhenUsed=\"false\" Name=\"Medium Shading 2 Accent 5\"/>\r\n  <w:LsdException Locked=\"false\" Priority=\"65\" SemiHidden=\"false\"\r\n   UnhideWhenUsed=\"false\" Name=\"Medium List 1 Accent 5\"/>\r\n  <w:LsdException Locked=\"false\" Priority=\"66\" SemiHidden=\"false\"\r\n   UnhideWhenUsed=\"false\" Name=\"Medium List 2 Accent 5\"/>\r\n  <w:LsdException Locked=\"false\" Priority=\"67\" SemiHidden=\"false\"\r\n   UnhideWhenUsed=\"false\" Name=\"Medium Grid 1 Accent 5\"/>\r\n  <w:LsdException Locked=\"false\" Priority=\"68\" SemiHidden=\"false\"\r\n   UnhideWhenUsed=\"false\" Name=\"Medium Grid 2 Accent 5\"/>\r\n  <w:LsdException Locked=\"false\" Priority=\"69\" SemiHidden=\"false\"\r\n   UnhideWhenUsed=\"false\" Name=\"Medium Grid 3 Accent 5\"/>\r\n  <w:LsdException Locked=\"false\" Priority=\"70\" SemiHidden=\"false\"\r\n   UnhideWhenUsed=\"false\" Name=\"Dark List Accent 5\"/>\r\n  <w:LsdException Locked=\"false\" Priority=\"71\" SemiHidden=\"false\"\r\n   UnhideWhenUsed=\"false\" Name=\"Colorful Shading Accent 5\"/>\r\n  <w:LsdException Locked=\"false\" Priority=\"72\" SemiHidden=\"false\"\r\n   UnhideWhenUsed=\"false\" Name=\"Colorful List Accent 5\"/>\r\n  <w:LsdException Locked=\"false\" Priority=\"73\" SemiHidden=\"false\"\r\n   UnhideWhenUsed=\"false\" Name=\"Colorful Grid Accent 5\"/>\r\n  <w:LsdException Locked=\"false\" Priority=\"60\" SemiHidden=\"false\"\r\n   UnhideWhenUsed=\"false\" Name=\"Light Shading Accent 6\"/>\r\n  <w:LsdException Locked=\"false\" Priority=\"61\" SemiHidden=\"false\"\r\n   UnhideWhenUsed=\"false\" Name=\"Light List Accent 6\"/>\r\n  <w:LsdException Locked=\"false\" Priority=\"62\" SemiHidden=\"false\"\r\n   UnhideWhenUsed=\"false\" Name=\"Light Grid Accent 6\"/>\r\n  <w:LsdException Locked=\"false\" Priority=\"63\" SemiHidden=\"false\"\r\n   UnhideWhenUsed=\"false\" Name=\"Medium Shading 1 Accent 6\"/>\r\n  <w:LsdException Locked=\"false\" Priority=\"64\" SemiHidden=\"false\"\r\n   UnhideWhenUsed=\"false\" Name=\"Medium Shading 2 Accent 6\"/>\r\n  <w:LsdException Locked=\"false\" Priority=\"65\" SemiHidden=\"false\"\r\n   UnhideWhenUsed=\"false\" Name=\"Medium List 1 Accent 6\"/>\r\n  <w:LsdException Locked=\"false\" Priority=\"66\" SemiHidden=\"false\"\r\n   UnhideWhenUsed=\"false\" Name=\"Medium List 2 Accent 6\"/>\r\n  <w:LsdException Locked=\"false\" Priority=\"67\" SemiHidden=\"false\"\r\n   UnhideWhenUsed=\"false\" Name=\"Medium Grid 1 Accent 6\"/>\r\n  <w:LsdException Locked=\"false\" Priority=\"68\" SemiHidden=\"false\"\r\n   UnhideWhenUsed=\"false\" Name=\"Medium Grid 2 Accent 6\"/>\r\n  <w:LsdException Locked=\"false\" Priority=\"69\" SemiHidden=\"false\"\r\n   UnhideWhenUsed=\"false\" Name=\"Medium Grid 3 Accent 6\"/>\r\n  <w:LsdException Locked=\"false\" Priority=\"70\" SemiHidden=\"false\"\r\n   UnhideWhenUsed=\"false\" Name=\"Dark List Accent 6\"/>\r\n  <w:LsdException Locked=\"false\" Priority=\"71\" SemiHidden=\"false\"\r\n   UnhideWhenUsed=\"false\" Name=\"Colorful Shading Accent 6\"/>\r\n  <w:LsdException Locked=\"false\" Priority=\"72\" SemiHidden=\"false\"\r\n   UnhideWhenUsed=\"false\" Name=\"Colorful List Accent 6\"/>\r\n  <w:LsdException Locked=\"false\" Priority=\"73\" SemiHidden=\"false\"\r\n   UnhideWhenUsed=\"false\" Name=\"Colorful Grid Accent 6\"/>\r\n  <w:LsdException Locked=\"false\" Priority=\"19\" SemiHidden=\"false\"\r\n   UnhideWhenUsed=\"false\" QFormat=\"true\" Name=\"Subtle Emphasis\"/>\r\n  <w:LsdException Locked=\"false\" Priority=\"21\" SemiHidden=\"false\"\r\n   UnhideWhenUsed=\"false\" QFormat=\"true\" Name=\"Intense Emphasis\"/>\r\n  <w:LsdException Locked=\"false\" Priority=\"31\" SemiHidden=\"false\"\r\n   UnhideWhenUsed=\"false\" QFormat=\"true\" Name=\"Subtle Reference\"/>\r\n  <w:LsdException Locked=\"false\" Priority=\"32\" SemiHidden=\"false\"\r\n   UnhideWhenUsed=\"false\" QFormat=\"true\" Name=\"Intense Reference\"/>\r\n  <w:LsdException Locked=\"false\" Priority=\"33\" SemiHidden=\"false\"\r\n   UnhideWhenUsed=\"false\" QFormat=\"true\" Name=\"Book Title\"/>\r\n  <w:LsdException Locked=\"false\" Priority=\"37\" Name=\"Bibliography\"/>\r\n  <w:LsdException Locked=\"false\" Priority=\"39\" QFormat=\"true\" Name=\"TOC Heading\"/>\r\n </w:LatentStyles>\r\n</xml><![endif]--><!-- [if gte mso 10]>\r\n<style>\r\n /* Style Definitions */\r\ntable.MsoNormalTable\r\n	{mso-style-name:\"Table Normal\";\r\n	mso-tstyle-rowband-size:0;\r\n	mso-tstyle-colband-size:0;\r\n	mso-style-noshow:yes;\r\n	mso-style-priority:99;\r\n	mso-style-parent:\"\";\r\n	mso-padding-alt:0in 5.4pt 0in 5.4pt;\r\n	mso-para-margin-top:0in;\r\n	mso-para-margin-right:0in;\r\n	mso-para-margin-bottom:10.0pt;\r\n	mso-para-margin-left:0in;\r\n	line-height:115%;\r\n	mso-pagination:widow-orphan;\r\n	font-size:11.0pt;\r\n	font-family:Calibri;\r\n	mso-ascii-font-family:Calibri;\r\n	mso-ascii-theme-font:minor-latin;\r\n	mso-hansi-font-family:Calibri;\r\n	mso-hansi-theme-font:minor-latin;}\r\n</style>\r\n<![endif]--> <!--StartFragment--></p>\r\n<p style=\"background: white; margin: 4.5pt 0in 4.5pt 0in;\"><span style=\"font-size: 10.5pt; font-family: Helvetica; mso-bidi-font-family: Helvetica; color: #1d2129;\">2-Nights Accommodation + 2-Days Tour = P4,800/head</span></p>\r\n<p style=\"background: white; margin: 4.5pt 0in 4.5pt 0in;\"><span style=\"font-size: 10.5pt; font-family: Helvetica; mso-bidi-font-family: Helvetica; color: #1d2129;\">(minimum of 4pax)- Quad Sharing</span></p>\r\n<p style=\"background: white; margin: 0in 0in 4.5pt 0in;\"><span style=\"font-size: 10.5pt; font-family: \'inherit\',\'serif\'; mso-bidi-font-family: Helvetica; color: #1d2129;\">4,800/person- Quad Sharing (Van Tour with Tour Guide)</span></p>\r\n<p style=\"background: white; margin: 4.5pt 0in 4.5pt 0in;\"><span style=\"font-size: 10.5pt; font-family: \'inherit\',\'serif\'; mso-bidi-font-family: Helvetica; color: #1d2129;\">4,000/person -Triple Sharing (Tour via Tricycle w/o Tour Guide)</span></p>\r\n<p style=\"background: white; margin: 4.5pt 0in 4.5pt 0in;\"><span style=\"font-size: 10.5pt; font-family: \'inherit\',\'serif\'; mso-bidi-font-family: Helvetica; color: #1d2129;\">4,500/person- Twin Sharing (Tour via Tricycle w/o Tour Guide)</span></p>\r\n<p style=\"background: white; margin: 4.5pt 0in 4.5pt 0in;\"><span style=\"font-size: 10.5pt; font-family: \'inherit\',\'serif\'; mso-bidi-font-family: Helvetica; color: #1d2129;\">8,700/person- Solo (Tour via Tricycle w/o Tour Guide)</span></p>\r\n<p style=\"background: white; margin: 4.5pt 0in 4.5pt 0in;\"><span style=\"font-size: 10.5pt; font-family: \'inherit\',\'serif\'; mso-bidi-font-family: Helvetica; color: #1d2129;\">&nbsp;</span></p>\r\n<p style=\"background: white; margin: 4.5pt 0in 4.5pt 0in;\"><span style=\"font-size: 10.5pt; font-family: \'inherit\',\'serif\'; mso-bidi-font-family: Helvetica; color: #1d2129;\">Inclusions:</span></p>\r\n<p style=\"text-indent: -.25in; mso-list: l0 level1 lfo1; background: white; margin: 0in 0in .0001pt 39.0pt;\"><!-- [if !supportLists]--><span style=\"font-size: 10.5pt; font-family: Symbol; mso-fareast-font-family: Symbol; mso-bidi-font-family: Symbol; color: #1d2129;\"><span style=\"mso-list: Ignore;\">&middot;<span style=\"font: 7.0pt \'Times New Roman\';\">&nbsp;&nbsp;&nbsp;&nbsp;&nbsp;&nbsp; </span></span></span><!--[endif]--><span style=\"font-size: 10.5pt; font-family: \'inherit\',\'serif\'; mso-bidi-font-family: Helvetica; color: #1d2129;\">RT Airport Transfer</span></p>\r\n<p style=\"text-indent: -.25in; mso-list: l0 level1 lfo1; background: white; margin: 0in 0in .0001pt 39.0pt;\"><!-- [if !supportLists]--><span style=\"font-size: 10.5pt; font-family: Symbol; mso-fareast-font-family: Symbol; mso-bidi-font-family: Symbol; color: #1d2129;\"><span style=\"mso-list: Ignore;\">&middot;<span style=\"font: 7.0pt \'Times New Roman\';\">&nbsp;&nbsp;&nbsp;&nbsp;&nbsp;&nbsp; </span></span></span><!--[endif]--><span style=\"font-size: 10.5pt; font-family: \'inherit\',\'serif\'; mso-bidi-font-family: Helvetica; color: #1d2129;\">2Nights accommodation with daily breakfast (@ Nanay Cita\'s Homestay)</span></p>\r\n<p style=\"text-indent: -.25in; mso-list: l0 level1 lfo1; background: white; margin: 0in 0in .0001pt 39.0pt;\"><!-- [if !supportLists]--><span style=\"font-size: 10.5pt; font-family: Symbol; mso-fareast-font-family: Symbol; mso-bidi-font-family: Symbol; color: #1d2129;\"><span style=\"mso-list: Ignore;\">&middot;<span style=\"font: 7.0pt \'Times New Roman\';\">&nbsp;&nbsp;&nbsp;&nbsp;&nbsp;&nbsp; </span></span></span><!--[endif]--><span style=\"font-size: 10.5pt; font-family: \'inherit\',\'serif\'; mso-bidi-font-family: Helvetica; color: #1d2129;\">2-Days tour (North Batan &amp; South Batan tour) (via Van Tour or Tricycle Tour)</span></p>\r\n<p style=\"text-indent: -.25in; mso-list: l0 level1 lfo1; background: white; margin: 0in 0in .0001pt 39.0pt;\"><!-- [if !supportLists]--><span style=\"font-size: 10.5pt; font-family: Symbol; mso-fareast-font-family: Symbol; mso-bidi-font-family: Symbol; color: #1d2129;\"><span style=\"mso-list: Ignore;\">&middot;<span style=\"font: 7.0pt \'Times New Roman\';\">&nbsp;&nbsp;&nbsp;&nbsp;&nbsp;&nbsp; </span></span></span><!--[endif]--><span style=\"font-size: 10.5pt; font-family: \'inherit\',\'serif\'; mso-bidi-font-family: Helvetica; color: #1d2129;\"><span style=\"mso-spacerun: yes;\">&nbsp;</span>Tour Guide Services (For Van Tours Only)</span></p>\r\n<p style=\"text-indent: -.25in; mso-list: l0 level1 lfo1; background: white; margin: 0in 0in .0001pt 39.0pt;\"><!-- [if !supportLists]--><span style=\"font-size: 10.5pt; font-family: Symbol; mso-fareast-font-family: Symbol; mso-bidi-font-family: Symbol; color: #1d2129;\"><span style=\"mso-list: Ignore;\">&middot;<span style=\"font: 7.0pt \'Times New Roman\';\">&nbsp;&nbsp;&nbsp;&nbsp;&nbsp;&nbsp; </span></span></span><!--[endif]--><span style=\"font-size: 10.5pt; font-family: \'inherit\',\'serif\'; mso-bidi-font-family: Helvetica; color: #1d2129;\"><span style=\"mso-spacerun: yes;\">&nbsp;</span>RT Boatfare (OPTIONAL/ FOR SABTANG TOUR ONLY)</span></p>\r\n<p style=\"text-indent: -.25in; mso-list: l0 level1 lfo1; background: white; margin: 0in 0in .0001pt 39.0pt;\"><!-- [if !supportLists]--><span style=\"font-size: 10.5pt; font-family: Symbol; mso-fareast-font-family: Symbol; mso-bidi-font-family: Symbol; color: #1d2129;\"><span style=\"mso-list: Ignore;\">&middot;<span style=\"font: 7.0pt \'Times New Roman\';\">&nbsp;&nbsp;&nbsp;&nbsp;&nbsp;&nbsp; </span></span></span><!--[endif]--><span style=\"font-size: 10.5pt; font-family: \'inherit\',\'serif\'; mso-bidi-font-family: Helvetica; color: #1d2129;\">Environmental Fees</span></p>\r\n<p style=\"background: white; margin: 0in 0in .0001pt 39.0pt;\"><span style=\"font-size: 10.5pt; font-family: \'inherit\',\'serif\'; mso-bidi-font-family: Helvetica; color: #1d2129;\">&nbsp;</span></p>\r\n<p style=\"background: white; margin: 0in 0in .0001pt 39.0pt;\"><span style=\"font-size: 10.5pt; font-family: \'inherit\',\'serif\'; mso-bidi-font-family: Helvetica; color: #1d2129;\">&nbsp;</span></p>\r\n<p style=\"background: white; margin: 4.5pt 0in 4.5pt 0in;\"><span style=\"font-size: 10.5pt; font-family: \'inherit\',\'serif\'; mso-bidi-font-family: Helvetica; color: #1d2129;\">OPTIONAL TOUR:</span></p>\r\n<p style=\"background: white; margin: 4.5pt 0in 4.5pt 0in;\"><span style=\"font-size: 10.5pt; font-family: \'inherit\',\'serif\'; mso-bidi-font-family: Helvetica; color: #1d2129;\">SABTANG TOUR </span></p>\r\n<p style=\"background: white; margin: 4.5pt 0in 4.5pt 0in;\"><span style=\"font-size: 10.5pt; font-family: \'inherit\',\'serif\'; mso-bidi-font-family: Helvetica; color: #1d2129;\">&nbsp;</span></p>\r\n<p style=\"background: white; margin: 4.5pt 0in 4.5pt 0in;\"><span style=\"font-size: 10.5pt; font-family: \'inherit\',\'serif\'; mso-bidi-font-family: Helvetica; color: #1d2129;\">Exclusions:</span></p>\r\n<p style=\"text-indent: -.25in; mso-list: l1 level1 lfo2; background: white; margin: 0in 0in .0001pt .5in;\"><!-- [if !supportLists]--><span style=\"font-size: 10.5pt; font-family: Symbol; mso-fareast-font-family: Symbol; mso-bidi-font-family: Symbol; color: #1d2129;\"><span style=\"mso-list: Ignore;\">&middot;<span style=\"font: 7.0pt \'Times New Roman\';\">&nbsp;&nbsp;&nbsp;&nbsp;&nbsp;&nbsp; </span></span></span><!--[endif]--><span style=\"font-size: 10.5pt; font-family: \'inherit\',\'serif\'; mso-bidi-font-family: Helvetica; color: #1d2129;\">RT Airfare</span></p>\r\n<p style=\"text-indent: -.25in; mso-list: l1 level1 lfo2; background: white; margin: 0in 0in .0001pt .5in;\"><!-- [if !supportLists]--><span style=\"font-size: 10.5pt; font-family: Symbol; mso-fareast-font-family: Symbol; mso-bidi-font-family: Symbol; color: #1d2129;\"><span style=\"mso-list: Ignore;\">&middot;<span style=\"font: 7.0pt \'Times New Roman\';\">&nbsp;&nbsp;&nbsp;&nbsp;&nbsp;&nbsp; </span></span></span><!--[endif]--><span style=\"font-size: 10.5pt; font-family: \'inherit\',\'serif\'; mso-bidi-font-family: Helvetica; color: #1d2129;\">Lunch &amp; Dinner</span></p>\r\n<p style=\"text-indent: -.25in; mso-list: l1 level1 lfo2; background: white; margin: 0in 0in .0001pt .5in;\"><!-- [if !supportLists]--><span style=\"font-size: 10.5pt; font-family: Symbol; mso-fareast-font-family: Symbol; mso-bidi-font-family: Symbol; color: #1d2129;\"><span style=\"mso-list: Ignore;\">&middot;<span style=\"font: 7.0pt \'Times New Roman\';\">&nbsp;&nbsp;&nbsp;&nbsp;&nbsp;&nbsp; </span></span></span><!--[endif]--><span style=\"font-size: 10.5pt; font-family: \'inherit\',\'serif\'; mso-bidi-font-family: Helvetica; color: #1d2129;\">Eco Tourism Fee P400 (upon arrival)</span></p>\r\n<p style=\"text-indent: -.25in; mso-list: l1 level1 lfo2; background: white; margin: 0in 0in .0001pt .5in;\"><!-- [if !supportLists]--><span style=\"font-size: 10.5pt; font-family: Symbol; mso-fareast-font-family: Symbol; mso-bidi-font-family: Symbol; color: #1d2129;\"><span style=\"mso-list: Ignore;\">&middot;<span style=\"font: 7.0pt \'Times New Roman\';\">&nbsp;&nbsp;&nbsp;&nbsp;&nbsp;&nbsp; </span></span></span><!--[endif]--><span style=\"font-size: 10.5pt; font-family: \'inherit\',\'serif\'; mso-bidi-font-family: Helvetica; color: #1d2129;\">SABTANG TOUR</span></p>\r\n<p style=\"background: white; margin: 0in 0in .0001pt .5in;\"><span style=\"font-size: 10.5pt; font-family: \'inherit\',\'serif\'; mso-bidi-font-family: Helvetica; color: #1d2129;\">&nbsp;</span></p>\r\n<p style=\"background: white; margin: 0in 0in .0001pt .5in;\"><span style=\"font-size: 10.5pt; font-family: \'inherit\',\'serif\'; mso-bidi-font-family: Helvetica; color: #1d2129;\">&nbsp;</span></p>\r\n<p style=\"background: white; margin: 4.5pt 0in 4.5pt 0in;\"><span style=\"font-size: 10.5pt; font-family: \'inherit\',\'serif\'; mso-bidi-font-family: Helvetica; color: #1d2129;\">Note: Subject to availability / Room based on Quad Sharing.</span></p>\r\n<p style=\"background: white; margin: 4.5pt 0in 4.5pt 0in;\"><span style=\"font-size: 10.5pt; font-family: \'inherit\',\'serif\'; mso-bidi-font-family: Helvetica; color: #1d2129;\">&nbsp;</span></p>\r\n<p style=\"background: white; margin: 4.5pt 0in 4.5pt 0in;\"><span style=\"font-size: 10.5pt; font-family: \'inherit\',\'serif\'; mso-bidi-font-family: Helvetica; color: #1d2129;\">DOMESTIC INQUIRIES: </span></p>\r\n<p style=\"background: white; margin: 4.5pt 0in 4.5pt 0in;\"><span style=\"font-size: 10.5pt; font-family: \'inherit\',\'serif\'; mso-bidi-font-family: Helvetica; color: #1d2129;\">Email address: </span><a href=\"mailto:capturedmemoriestravelandtours@gmail.com\"><span style=\"font-size: 10.5pt; font-family: \'inherit\',\'serif\'; mso-bidi-font-family: Helvetica;\">capturedmemoriestravelandtours@gmail.com</span></a></p>\r\n<p style=\"background: white; margin: 4.5pt 0in 4.5pt 0in;\"><span style=\"font-size: 10.5pt; font-family: \'inherit\',\'serif\'; mso-bidi-font-family: Helvetica; color: #1d2129;\">Facebook: Captured Memories Travel and Tours</span></p>\r\n<p style=\"background: white; margin: 4.5pt 0in 4.5pt 0in;\"><span style=\"font-size: 10.5pt; font-family: \'inherit\',\'serif\'; mso-bidi-font-family: Helvetica; color: #1d2129;\">Landline no.: (02) 9178134</span></p>\r\n<p style=\"background: white; margin: 4.5pt 0in 4.5pt 0in;\"><span style=\"font-size: 10.5pt; font-family: \'inherit\',\'serif\'; mso-bidi-font-family: Helvetica; color: #1d2129;\">Phone no.: +63 9155018187 (GLOBE)</span></p>\r\n<p style=\"background: white; margin: 4.5pt 0in 4.5pt 0in;\"><span style=\"font-size: 10.5pt; font-family: \'inherit\',\'serif\'; mso-bidi-font-family: Helvetica; color: #1d2129;\"><span style=\"mso-tab-count: 1;\">&nbsp;&nbsp;&nbsp;&nbsp;&nbsp;&nbsp;&nbsp;&nbsp;&nbsp;&nbsp;&nbsp; </span><span style=\"mso-spacerun: yes;\">&nbsp;&nbsp;&nbsp;&nbsp; </span>+63 9164847665 (GLOBE)</span></p>\r\n<p><!--EndFragment--></p>','2019-11-16','2019-11-30','4','2020',1,'/Applications/MAMP/htdocs/capture_memories/admin/../public/images/tour/batanes.png','/capture_memories/public/images/tour/batanes.png','active','2019-07-07 20:26:28','2019-11-19 13:40:02','0000-00-00 00:00:00'),
	(39,8,'3D2N HONG KONG PACKAGE via HONG KONG AIRLINES  w/ ','<p><!-- [if gte mso 9]><xml>\r\n <o:DocumentProperties>\r\n  <o:Revision>0</o:Revision>\r\n  <o:TotalTime>0</o:TotalTime>\r\n  <o:Pages>1</o:Pages>\r\n  <o:Words>120</o:Words>\r\n  <o:Characters>690</o:Characters>\r\n  <o:Company>a99</o:Company>\r\n  <o:Lines>5</o:Lines>\r\n  <o:Paragraphs>1</o:Paragraphs>\r\n  <o:CharactersWithSpaces>809</o:CharactersWithSpaces>\r\n  <o:Version>14.0</o:Version>\r\n </o:DocumentProperties>\r\n <o:OfficeDocumentSettings>\r\n  <o:AllowPNG/>\r\n </o:OfficeDocumentSettings>\r\n</xml><![endif]--> <!-- [if gte mso 9]><xml>\r\n <w:WordDocument>\r\n  <w:View>Normal</w:View>\r\n  <w:Zoom>0</w:Zoom>\r\n  <w:TrackMoves/>\r\n  <w:TrackFormatting/>\r\n  <w:PunctuationKerning/>\r\n  <w:ValidateAgainstSchemas/>\r\n  <w:SaveIfXMLInvalid>false</w:SaveIfXMLInvalid>\r\n  <w:IgnoreMixedContent>false</w:IgnoreMixedContent>\r\n  <w:AlwaysShowPlaceholderText>false</w:AlwaysShowPlaceholderText>\r\n  <w:DoNotPromoteQF/>\r\n  <w:LidThemeOther>EN-US</w:LidThemeOther>\r\n  <w:LidThemeAsian>JA</w:LidThemeAsian>\r\n  <w:LidThemeComplexScript>X-NONE</w:LidThemeComplexScript>\r\n  <w:Compatibility>\r\n   <w:BreakWrappedTables/>\r\n   <w:SnapToGridInCell/>\r\n   <w:WrapTextWithPunct/>\r\n   <w:UseAsianBreakRules/>\r\n   <w:DontGrowAutofit/>\r\n   <w:SplitPgBreakAndParaMark/>\r\n   <w:EnableOpenTypeKerning/>\r\n   <w:DontFlipMirrorIndents/>\r\n   <w:OverrideTableStyleHps/>\r\n  </w:Compatibility>\r\n  <m:mathPr>\r\n   <m:mathFont m:val=\"Cambria Math\"/>\r\n   <m:brkBin m:val=\"before\"/>\r\n   <m:brkBinSub m:val=\"&#45;-\"/>\r\n   <m:smallFrac m:val=\"off\"/>\r\n   <m:dispDef/>\r\n   <m:lMargin m:val=\"0\"/>\r\n   <m:rMargin m:val=\"0\"/>\r\n   <m:defJc m:val=\"centerGroup\"/>\r\n   <m:wrapIndent m:val=\"1440\"/>\r\n   <m:intLim m:val=\"subSup\"/>\r\n   <m:naryLim m:val=\"undOvr\"/>\r\n  </m:mathPr></w:WordDocument>\r\n</xml><![endif]--><!-- [if gte mso 9]><xml>\r\n <w:LatentStyles DefLockedState=\"false\" DefUnhideWhenUsed=\"true\"\r\n  DefSemiHidden=\"true\" DefQFormat=\"false\" DefPriority=\"99\"\r\n  LatentStyleCount=\"276\">\r\n  <w:LsdException Locked=\"false\" Priority=\"0\" SemiHidden=\"false\"\r\n   UnhideWhenUsed=\"false\" QFormat=\"true\" Name=\"Normal\"/>\r\n  <w:LsdException Locked=\"false\" Priority=\"9\" SemiHidden=\"false\"\r\n   UnhideWhenUsed=\"false\" QFormat=\"true\" Name=\"heading 1\"/>\r\n  <w:LsdException Locked=\"false\" Priority=\"9\" QFormat=\"true\" Name=\"heading 2\"/>\r\n  <w:LsdException Locked=\"false\" Priority=\"9\" QFormat=\"true\" Name=\"heading 3\"/>\r\n  <w:LsdException Locked=\"false\" Priority=\"9\" QFormat=\"true\" Name=\"heading 4\"/>\r\n  <w:LsdException Locked=\"false\" Priority=\"9\" QFormat=\"true\" Name=\"heading 5\"/>\r\n  <w:LsdException Locked=\"false\" Priority=\"9\" QFormat=\"true\" Name=\"heading 6\"/>\r\n  <w:LsdException Locked=\"false\" Priority=\"9\" QFormat=\"true\" Name=\"heading 7\"/>\r\n  <w:LsdException Locked=\"false\" Priority=\"9\" QFormat=\"true\" Name=\"heading 8\"/>\r\n  <w:LsdException Locked=\"false\" Priority=\"9\" QFormat=\"true\" Name=\"heading 9\"/>\r\n  <w:LsdException Locked=\"false\" Priority=\"39\" Name=\"toc 1\"/>\r\n  <w:LsdException Locked=\"false\" Priority=\"39\" Name=\"toc 2\"/>\r\n  <w:LsdException Locked=\"false\" Priority=\"39\" Name=\"toc 3\"/>\r\n  <w:LsdException Locked=\"false\" Priority=\"39\" Name=\"toc 4\"/>\r\n  <w:LsdException Locked=\"false\" Priority=\"39\" Name=\"toc 5\"/>\r\n  <w:LsdException Locked=\"false\" Priority=\"39\" Name=\"toc 6\"/>\r\n  <w:LsdException Locked=\"false\" Priority=\"39\" Name=\"toc 7\"/>\r\n  <w:LsdException Locked=\"false\" Priority=\"39\" Name=\"toc 8\"/>\r\n  <w:LsdException Locked=\"false\" Priority=\"39\" Name=\"toc 9\"/>\r\n  <w:LsdException Locked=\"false\" Priority=\"35\" QFormat=\"true\" Name=\"caption\"/>\r\n  <w:LsdException Locked=\"false\" Priority=\"10\" SemiHidden=\"false\"\r\n   UnhideWhenUsed=\"false\" QFormat=\"true\" Name=\"Title\"/>\r\n  <w:LsdException Locked=\"false\" Priority=\"1\" Name=\"Default Paragraph Font\"/>\r\n  <w:LsdException Locked=\"false\" Priority=\"11\" SemiHidden=\"false\"\r\n   UnhideWhenUsed=\"false\" QFormat=\"true\" Name=\"Subtitle\"/>\r\n  <w:LsdException Locked=\"false\" Priority=\"22\" SemiHidden=\"false\"\r\n   UnhideWhenUsed=\"false\" QFormat=\"true\" Name=\"Strong\"/>\r\n  <w:LsdException Locked=\"false\" Priority=\"20\" SemiHidden=\"false\"\r\n   UnhideWhenUsed=\"false\" QFormat=\"true\" Name=\"Emphasis\"/>\r\n  <w:LsdException Locked=\"false\" Priority=\"59\" SemiHidden=\"false\"\r\n   UnhideWhenUsed=\"false\" Name=\"Table Grid\"/>\r\n  <w:LsdException Locked=\"false\" UnhideWhenUsed=\"false\" Name=\"Placeholder Text\"/>\r\n  <w:LsdException Locked=\"false\" Priority=\"1\" SemiHidden=\"false\"\r\n   UnhideWhenUsed=\"false\" QFormat=\"true\" Name=\"No Spacing\"/>\r\n  <w:LsdException Locked=\"false\" Priority=\"60\" SemiHidden=\"false\"\r\n   UnhideWhenUsed=\"false\" Name=\"Light Shading\"/>\r\n  <w:LsdException Locked=\"false\" Priority=\"61\" SemiHidden=\"false\"\r\n   UnhideWhenUsed=\"false\" Name=\"Light List\"/>\r\n  <w:LsdException Locked=\"false\" Priority=\"62\" SemiHidden=\"false\"\r\n   UnhideWhenUsed=\"false\" Name=\"Light Grid\"/>\r\n  <w:LsdException Locked=\"false\" Priority=\"63\" SemiHidden=\"false\"\r\n   UnhideWhenUsed=\"false\" Name=\"Medium Shading 1\"/>\r\n  <w:LsdException Locked=\"false\" Priority=\"64\" SemiHidden=\"false\"\r\n   UnhideWhenUsed=\"false\" Name=\"Medium Shading 2\"/>\r\n  <w:LsdException Locked=\"false\" Priority=\"65\" SemiHidden=\"false\"\r\n   UnhideWhenUsed=\"false\" Name=\"Medium List 1\"/>\r\n  <w:LsdException Locked=\"false\" Priority=\"66\" SemiHidden=\"false\"\r\n   UnhideWhenUsed=\"false\" Name=\"Medium List 2\"/>\r\n  <w:LsdException Locked=\"false\" Priority=\"67\" SemiHidden=\"false\"\r\n   UnhideWhenUsed=\"false\" Name=\"Medium Grid 1\"/>\r\n  <w:LsdException Locked=\"false\" Priority=\"68\" SemiHidden=\"false\"\r\n   UnhideWhenUsed=\"false\" Name=\"Medium Grid 2\"/>\r\n  <w:LsdException Locked=\"false\" Priority=\"69\" SemiHidden=\"false\"\r\n   UnhideWhenUsed=\"false\" Name=\"Medium Grid 3\"/>\r\n  <w:LsdException Locked=\"false\" Priority=\"70\" SemiHidden=\"false\"\r\n   UnhideWhenUsed=\"false\" Name=\"Dark List\"/>\r\n  <w:LsdException Locked=\"false\" Priority=\"71\" SemiHidden=\"false\"\r\n   UnhideWhenUsed=\"false\" Name=\"Colorful Shading\"/>\r\n  <w:LsdException Locked=\"false\" Priority=\"72\" SemiHidden=\"false\"\r\n   UnhideWhenUsed=\"false\" Name=\"Colorful List\"/>\r\n  <w:LsdException Locked=\"false\" Priority=\"73\" SemiHidden=\"false\"\r\n   UnhideWhenUsed=\"false\" Name=\"Colorful Grid\"/>\r\n  <w:LsdException Locked=\"false\" Priority=\"60\" SemiHidden=\"false\"\r\n   UnhideWhenUsed=\"false\" Name=\"Light Shading Accent 1\"/>\r\n  <w:LsdException Locked=\"false\" Priority=\"61\" SemiHidden=\"false\"\r\n   UnhideWhenUsed=\"false\" Name=\"Light List Accent 1\"/>\r\n  <w:LsdException Locked=\"false\" Priority=\"62\" SemiHidden=\"false\"\r\n   UnhideWhenUsed=\"false\" Name=\"Light Grid Accent 1\"/>\r\n  <w:LsdException Locked=\"false\" Priority=\"63\" SemiHidden=\"false\"\r\n   UnhideWhenUsed=\"false\" Name=\"Medium Shading 1 Accent 1\"/>\r\n  <w:LsdException Locked=\"false\" Priority=\"64\" SemiHidden=\"false\"\r\n   UnhideWhenUsed=\"false\" Name=\"Medium Shading 2 Accent 1\"/>\r\n  <w:LsdException Locked=\"false\" Priority=\"65\" SemiHidden=\"false\"\r\n   UnhideWhenUsed=\"false\" Name=\"Medium List 1 Accent 1\"/>\r\n  <w:LsdException Locked=\"false\" UnhideWhenUsed=\"false\" Name=\"Revision\"/>\r\n  <w:LsdException Locked=\"false\" Priority=\"34\" SemiHidden=\"false\"\r\n   UnhideWhenUsed=\"false\" QFormat=\"true\" Name=\"List Paragraph\"/>\r\n  <w:LsdException Locked=\"false\" Priority=\"29\" SemiHidden=\"false\"\r\n   UnhideWhenUsed=\"false\" QFormat=\"true\" Name=\"Quote\"/>\r\n  <w:LsdException Locked=\"false\" Priority=\"30\" SemiHidden=\"false\"\r\n   UnhideWhenUsed=\"false\" QFormat=\"true\" Name=\"Intense Quote\"/>\r\n  <w:LsdException Locked=\"false\" Priority=\"66\" SemiHidden=\"false\"\r\n   UnhideWhenUsed=\"false\" Name=\"Medium List 2 Accent 1\"/>\r\n  <w:LsdException Locked=\"false\" Priority=\"67\" SemiHidden=\"false\"\r\n   UnhideWhenUsed=\"false\" Name=\"Medium Grid 1 Accent 1\"/>\r\n  <w:LsdException Locked=\"false\" Priority=\"68\" SemiHidden=\"false\"\r\n   UnhideWhenUsed=\"false\" Name=\"Medium Grid 2 Accent 1\"/>\r\n  <w:LsdException Locked=\"false\" Priority=\"69\" SemiHidden=\"false\"\r\n   UnhideWhenUsed=\"false\" Name=\"Medium Grid 3 Accent 1\"/>\r\n  <w:LsdException Locked=\"false\" Priority=\"70\" SemiHidden=\"false\"\r\n   UnhideWhenUsed=\"false\" Name=\"Dark List Accent 1\"/>\r\n  <w:LsdException Locked=\"false\" Priority=\"71\" SemiHidden=\"false\"\r\n   UnhideWhenUsed=\"false\" Name=\"Colorful Shading Accent 1\"/>\r\n  <w:LsdException Locked=\"false\" Priority=\"72\" SemiHidden=\"false\"\r\n   UnhideWhenUsed=\"false\" Name=\"Colorful List Accent 1\"/>\r\n  <w:LsdException Locked=\"false\" Priority=\"73\" SemiHidden=\"false\"\r\n   UnhideWhenUsed=\"false\" Name=\"Colorful Grid Accent 1\"/>\r\n  <w:LsdException Locked=\"false\" Priority=\"60\" SemiHidden=\"false\"\r\n   UnhideWhenUsed=\"false\" Name=\"Light Shading Accent 2\"/>\r\n  <w:LsdException Locked=\"false\" Priority=\"61\" SemiHidden=\"false\"\r\n   UnhideWhenUsed=\"false\" Name=\"Light List Accent 2\"/>\r\n  <w:LsdException Locked=\"false\" Priority=\"62\" SemiHidden=\"false\"\r\n   UnhideWhenUsed=\"false\" Name=\"Light Grid Accent 2\"/>\r\n  <w:LsdException Locked=\"false\" Priority=\"63\" SemiHidden=\"false\"\r\n   UnhideWhenUsed=\"false\" Name=\"Medium Shading 1 Accent 2\"/>\r\n  <w:LsdException Locked=\"false\" Priority=\"64\" SemiHidden=\"false\"\r\n   UnhideWhenUsed=\"false\" Name=\"Medium Shading 2 Accent 2\"/>\r\n  <w:LsdException Locked=\"false\" Priority=\"65\" SemiHidden=\"false\"\r\n   UnhideWhenUsed=\"false\" Name=\"Medium List 1 Accent 2\"/>\r\n  <w:LsdException Locked=\"false\" Priority=\"66\" SemiHidden=\"false\"\r\n   UnhideWhenUsed=\"false\" Name=\"Medium List 2 Accent 2\"/>\r\n  <w:LsdException Locked=\"false\" Priority=\"67\" SemiHidden=\"false\"\r\n   UnhideWhenUsed=\"false\" Name=\"Medium Grid 1 Accent 2\"/>\r\n  <w:LsdException Locked=\"false\" Priority=\"68\" SemiHidden=\"false\"\r\n   UnhideWhenUsed=\"false\" Name=\"Medium Grid 2 Accent 2\"/>\r\n  <w:LsdException Locked=\"false\" Priority=\"69\" SemiHidden=\"false\"\r\n   UnhideWhenUsed=\"false\" Name=\"Medium Grid 3 Accent 2\"/>\r\n  <w:LsdException Locked=\"false\" Priority=\"70\" SemiHidden=\"false\"\r\n   UnhideWhenUsed=\"false\" Name=\"Dark List Accent 2\"/>\r\n  <w:LsdException Locked=\"false\" Priority=\"71\" SemiHidden=\"false\"\r\n   UnhideWhenUsed=\"false\" Name=\"Colorful Shading Accent 2\"/>\r\n  <w:LsdException Locked=\"false\" Priority=\"72\" SemiHidden=\"false\"\r\n   UnhideWhenUsed=\"false\" Name=\"Colorful List Accent 2\"/>\r\n  <w:LsdException Locked=\"false\" Priority=\"73\" SemiHidden=\"false\"\r\n   UnhideWhenUsed=\"false\" Name=\"Colorful Grid Accent 2\"/>\r\n  <w:LsdException Locked=\"false\" Priority=\"60\" SemiHidden=\"false\"\r\n   UnhideWhenUsed=\"false\" Name=\"Light Shading Accent 3\"/>\r\n  <w:LsdException Locked=\"false\" Priority=\"61\" SemiHidden=\"false\"\r\n   UnhideWhenUsed=\"false\" Name=\"Light List Accent 3\"/>\r\n  <w:LsdException Locked=\"false\" Priority=\"62\" SemiHidden=\"false\"\r\n   UnhideWhenUsed=\"false\" Name=\"Light Grid Accent 3\"/>\r\n  <w:LsdException Locked=\"false\" Priority=\"63\" SemiHidden=\"false\"\r\n   UnhideWhenUsed=\"false\" Name=\"Medium Shading 1 Accent 3\"/>\r\n  <w:LsdException Locked=\"false\" Priority=\"64\" SemiHidden=\"false\"\r\n   UnhideWhenUsed=\"false\" Name=\"Medium Shading 2 Accent 3\"/>\r\n  <w:LsdException Locked=\"false\" Priority=\"65\" SemiHidden=\"false\"\r\n   UnhideWhenUsed=\"false\" Name=\"Medium List 1 Accent 3\"/>\r\n  <w:LsdException Locked=\"false\" Priority=\"66\" SemiHidden=\"false\"\r\n   UnhideWhenUsed=\"false\" Name=\"Medium List 2 Accent 3\"/>\r\n  <w:LsdException Locked=\"false\" Priority=\"67\" SemiHidden=\"false\"\r\n   UnhideWhenUsed=\"false\" Name=\"Medium Grid 1 Accent 3\"/>\r\n  <w:LsdException Locked=\"false\" Priority=\"68\" SemiHidden=\"false\"\r\n   UnhideWhenUsed=\"false\" Name=\"Medium Grid 2 Accent 3\"/>\r\n  <w:LsdException Locked=\"false\" Priority=\"69\" SemiHidden=\"false\"\r\n   UnhideWhenUsed=\"false\" Name=\"Medium Grid 3 Accent 3\"/>\r\n  <w:LsdException Locked=\"false\" Priority=\"70\" SemiHidden=\"false\"\r\n   UnhideWhenUsed=\"false\" Name=\"Dark List Accent 3\"/>\r\n  <w:LsdException Locked=\"false\" Priority=\"71\" SemiHidden=\"false\"\r\n   UnhideWhenUsed=\"false\" Name=\"Colorful Shading Accent 3\"/>\r\n  <w:LsdException Locked=\"false\" Priority=\"72\" SemiHidden=\"false\"\r\n   UnhideWhenUsed=\"false\" Name=\"Colorful List Accent 3\"/>\r\n  <w:LsdException Locked=\"false\" Priority=\"73\" SemiHidden=\"false\"\r\n   UnhideWhenUsed=\"false\" Name=\"Colorful Grid Accent 3\"/>\r\n  <w:LsdException Locked=\"false\" Priority=\"60\" SemiHidden=\"false\"\r\n   UnhideWhenUsed=\"false\" Name=\"Light Shading Accent 4\"/>\r\n  <w:LsdException Locked=\"false\" Priority=\"61\" SemiHidden=\"false\"\r\n   UnhideWhenUsed=\"false\" Name=\"Light List Accent 4\"/>\r\n  <w:LsdException Locked=\"false\" Priority=\"62\" SemiHidden=\"false\"\r\n   UnhideWhenUsed=\"false\" Name=\"Light Grid Accent 4\"/>\r\n  <w:LsdException Locked=\"false\" Priority=\"63\" SemiHidden=\"false\"\r\n   UnhideWhenUsed=\"false\" Name=\"Medium Shading 1 Accent 4\"/>\r\n  <w:LsdException Locked=\"false\" Priority=\"64\" SemiHidden=\"false\"\r\n   UnhideWhenUsed=\"false\" Name=\"Medium Shading 2 Accent 4\"/>\r\n  <w:LsdException Locked=\"false\" Priority=\"65\" SemiHidden=\"false\"\r\n   UnhideWhenUsed=\"false\" Name=\"Medium List 1 Accent 4\"/>\r\n  <w:LsdException Locked=\"false\" Priority=\"66\" SemiHidden=\"false\"\r\n   UnhideWhenUsed=\"false\" Name=\"Medium List 2 Accent 4\"/>\r\n  <w:LsdException Locked=\"false\" Priority=\"67\" SemiHidden=\"false\"\r\n   UnhideWhenUsed=\"false\" Name=\"Medium Grid 1 Accent 4\"/>\r\n  <w:LsdException Locked=\"false\" Priority=\"68\" SemiHidden=\"false\"\r\n   UnhideWhenUsed=\"false\" Name=\"Medium Grid 2 Accent 4\"/>\r\n  <w:LsdException Locked=\"false\" Priority=\"69\" SemiHidden=\"false\"\r\n   UnhideWhenUsed=\"false\" Name=\"Medium Grid 3 Accent 4\"/>\r\n  <w:LsdException Locked=\"false\" Priority=\"70\" SemiHidden=\"false\"\r\n   UnhideWhenUsed=\"false\" Name=\"Dark List Accent 4\"/>\r\n  <w:LsdException Locked=\"false\" Priority=\"71\" SemiHidden=\"false\"\r\n   UnhideWhenUsed=\"false\" Name=\"Colorful Shading Accent 4\"/>\r\n  <w:LsdException Locked=\"false\" Priority=\"72\" SemiHidden=\"false\"\r\n   UnhideWhenUsed=\"false\" Name=\"Colorful List Accent 4\"/>\r\n  <w:LsdException Locked=\"false\" Priority=\"73\" SemiHidden=\"false\"\r\n   UnhideWhenUsed=\"false\" Name=\"Colorful Grid Accent 4\"/>\r\n  <w:LsdException Locked=\"false\" Priority=\"60\" SemiHidden=\"false\"\r\n   UnhideWhenUsed=\"false\" Name=\"Light Shading Accent 5\"/>\r\n  <w:LsdException Locked=\"false\" Priority=\"61\" SemiHidden=\"false\"\r\n   UnhideWhenUsed=\"false\" Name=\"Light List Accent 5\"/>\r\n  <w:LsdException Locked=\"false\" Priority=\"62\" SemiHidden=\"false\"\r\n   UnhideWhenUsed=\"false\" Name=\"Light Grid Accent 5\"/>\r\n  <w:LsdException Locked=\"false\" Priority=\"63\" SemiHidden=\"false\"\r\n   UnhideWhenUsed=\"false\" Name=\"Medium Shading 1 Accent 5\"/>\r\n  <w:LsdException Locked=\"false\" Priority=\"64\" SemiHidden=\"false\"\r\n   UnhideWhenUsed=\"false\" Name=\"Medium Shading 2 Accent 5\"/>\r\n  <w:LsdException Locked=\"false\" Priority=\"65\" SemiHidden=\"false\"\r\n   UnhideWhenUsed=\"false\" Name=\"Medium List 1 Accent 5\"/>\r\n  <w:LsdException Locked=\"false\" Priority=\"66\" SemiHidden=\"false\"\r\n   UnhideWhenUsed=\"false\" Name=\"Medium List 2 Accent 5\"/>\r\n  <w:LsdException Locked=\"false\" Priority=\"67\" SemiHidden=\"false\"\r\n   UnhideWhenUsed=\"false\" Name=\"Medium Grid 1 Accent 5\"/>\r\n  <w:LsdException Locked=\"false\" Priority=\"68\" SemiHidden=\"false\"\r\n   UnhideWhenUsed=\"false\" Name=\"Medium Grid 2 Accent 5\"/>\r\n  <w:LsdException Locked=\"false\" Priority=\"69\" SemiHidden=\"false\"\r\n   UnhideWhenUsed=\"false\" Name=\"Medium Grid 3 Accent 5\"/>\r\n  <w:LsdException Locked=\"false\" Priority=\"70\" SemiHidden=\"false\"\r\n   UnhideWhenUsed=\"false\" Name=\"Dark List Accent 5\"/>\r\n  <w:LsdException Locked=\"false\" Priority=\"71\" SemiHidden=\"false\"\r\n   UnhideWhenUsed=\"false\" Name=\"Colorful Shading Accent 5\"/>\r\n  <w:LsdException Locked=\"false\" Priority=\"72\" SemiHidden=\"false\"\r\n   UnhideWhenUsed=\"false\" Name=\"Colorful List Accent 5\"/>\r\n  <w:LsdException Locked=\"false\" Priority=\"73\" SemiHidden=\"false\"\r\n   UnhideWhenUsed=\"false\" Name=\"Colorful Grid Accent 5\"/>\r\n  <w:LsdException Locked=\"false\" Priority=\"60\" SemiHidden=\"false\"\r\n   UnhideWhenUsed=\"false\" Name=\"Light Shading Accent 6\"/>\r\n  <w:LsdException Locked=\"false\" Priority=\"61\" SemiHidden=\"false\"\r\n   UnhideWhenUsed=\"false\" Name=\"Light List Accent 6\"/>\r\n  <w:LsdException Locked=\"false\" Priority=\"62\" SemiHidden=\"false\"\r\n   UnhideWhenUsed=\"false\" Name=\"Light Grid Accent 6\"/>\r\n  <w:LsdException Locked=\"false\" Priority=\"63\" SemiHidden=\"false\"\r\n   UnhideWhenUsed=\"false\" Name=\"Medium Shading 1 Accent 6\"/>\r\n  <w:LsdException Locked=\"false\" Priority=\"64\" SemiHidden=\"false\"\r\n   UnhideWhenUsed=\"false\" Name=\"Medium Shading 2 Accent 6\"/>\r\n  <w:LsdException Locked=\"false\" Priority=\"65\" SemiHidden=\"false\"\r\n   UnhideWhenUsed=\"false\" Name=\"Medium List 1 Accent 6\"/>\r\n  <w:LsdException Locked=\"false\" Priority=\"66\" SemiHidden=\"false\"\r\n   UnhideWhenUsed=\"false\" Name=\"Medium List 2 Accent 6\"/>\r\n  <w:LsdException Locked=\"false\" Priority=\"67\" SemiHidden=\"false\"\r\n   UnhideWhenUsed=\"false\" Name=\"Medium Grid 1 Accent 6\"/>\r\n  <w:LsdException Locked=\"false\" Priority=\"68\" SemiHidden=\"false\"\r\n   UnhideWhenUsed=\"false\" Name=\"Medium Grid 2 Accent 6\"/>\r\n  <w:LsdException Locked=\"false\" Priority=\"69\" SemiHidden=\"false\"\r\n   UnhideWhenUsed=\"false\" Name=\"Medium Grid 3 Accent 6\"/>\r\n  <w:LsdException Locked=\"false\" Priority=\"70\" SemiHidden=\"false\"\r\n   UnhideWhenUsed=\"false\" Name=\"Dark List Accent 6\"/>\r\n  <w:LsdException Locked=\"false\" Priority=\"71\" SemiHidden=\"false\"\r\n   UnhideWhenUsed=\"false\" Name=\"Colorful Shading Accent 6\"/>\r\n  <w:LsdException Locked=\"false\" Priority=\"72\" SemiHidden=\"false\"\r\n   UnhideWhenUsed=\"false\" Name=\"Colorful List Accent 6\"/>\r\n  <w:LsdException Locked=\"false\" Priority=\"73\" SemiHidden=\"false\"\r\n   UnhideWhenUsed=\"false\" Name=\"Colorful Grid Accent 6\"/>\r\n  <w:LsdException Locked=\"false\" Priority=\"19\" SemiHidden=\"false\"\r\n   UnhideWhenUsed=\"false\" QFormat=\"true\" Name=\"Subtle Emphasis\"/>\r\n  <w:LsdException Locked=\"false\" Priority=\"21\" SemiHidden=\"false\"\r\n   UnhideWhenUsed=\"false\" QFormat=\"true\" Name=\"Intense Emphasis\"/>\r\n  <w:LsdException Locked=\"false\" Priority=\"31\" SemiHidden=\"false\"\r\n   UnhideWhenUsed=\"false\" QFormat=\"true\" Name=\"Subtle Reference\"/>\r\n  <w:LsdException Locked=\"false\" Priority=\"32\" SemiHidden=\"false\"\r\n   UnhideWhenUsed=\"false\" QFormat=\"true\" Name=\"Intense Reference\"/>\r\n  <w:LsdException Locked=\"false\" Priority=\"33\" SemiHidden=\"false\"\r\n   UnhideWhenUsed=\"false\" QFormat=\"true\" Name=\"Book Title\"/>\r\n  <w:LsdException Locked=\"false\" Priority=\"37\" Name=\"Bibliography\"/>\r\n  <w:LsdException Locked=\"false\" Priority=\"39\" QFormat=\"true\" Name=\"TOC Heading\"/>\r\n </w:LatentStyles>\r\n</xml><![endif]--><!-- [if gte mso 10]>\r\n<style>\r\n /* Style Definitions */\r\ntable.MsoNormalTable\r\n	{mso-style-name:\"Table Normal\";\r\n	mso-tstyle-rowband-size:0;\r\n	mso-tstyle-colband-size:0;\r\n	mso-style-noshow:yes;\r\n	mso-style-priority:99;\r\n	mso-style-parent:\"\";\r\n	mso-padding-alt:0in 5.4pt 0in 5.4pt;\r\n	mso-para-margin-top:0in;\r\n	mso-para-margin-right:0in;\r\n	mso-para-margin-bottom:10.0pt;\r\n	mso-para-margin-left:0in;\r\n	line-height:115%;\r\n	mso-pagination:widow-orphan;\r\n	font-size:11.0pt;\r\n	font-family:Calibri;\r\n	mso-ascii-font-family:Calibri;\r\n	mso-ascii-theme-font:minor-latin;\r\n	mso-hansi-font-family:Calibri;\r\n	mso-hansi-theme-font:minor-latin;}\r\n</style>\r\n<![endif]--> <!--StartFragment--></p>\r\n<p style=\"background: white; margin: 4.5pt 0in 4.5pt 0in;\"><span style=\"font-size: 10.5pt; font-family: Helvetica; mso-bidi-font-family: Helvetica; color: #1d2129;\">as low as P12,100/person - min. of 2adults</span></p>\r\n<p style=\"background: white; margin: 4.5pt 0in 4.5pt 0in;\"><span style=\"font-size: 10.5pt; font-family: Helvetica; mso-bidi-font-family: Helvetica; color: #1d2129;\">&nbsp;</span></p>\r\n<p style=\"background: white; margin: 0in 0in 4.5pt 0in;\"><strong style=\"mso-bidi-font-weight: normal;\"><span style=\"font-size: 10.5pt; font-family: \'inherit\',\'serif\'; mso-bidi-font-family: Helvetica; color: #1d2129;\">Travel Date: July - September 2019<br />Booking Period: Until seats last<br /></span></strong><span style=\"font-size: 10.5pt; font-family: \'inherit\',\'serif\'; mso-bidi-font-family: Helvetica; color: #1d2129;\"><br />Tour Code: 3D2N-FMT-HX</span></p>\r\n<p style=\"background: white; margin: 4.5pt 0in 4.5pt 0in;\"><span style=\"font-size: 10.5pt; font-family: \'inherit\',\'serif\'; mso-bidi-font-family: Helvetica; color: #1d2129;\">Inclusions:&nbsp;<br />&bull; Round trip airfare via Hong Kong Airline w/ 20kg check-in baggage&nbsp;<br />&bull; Philippine Travel Tax<br />&bull; 2 Nights Hotel Accommodation with Breakfast<br />&bull; Round trip Airport Transfers (SIC)<br />&bull; Free Half Day Hong Kong city tour (SIC)<br />&bull; Free Madame Tussauds Ticket (except sneak-in)<br />&bull; Services of English Speaking Driver and Tour guide</span></p>\r\n<p style=\"background: white; margin: 4.5pt 0in 4.5pt 0in;\"><span style=\"font-size: 10.5pt; font-family: \'inherit\',\'serif\'; mso-bidi-font-family: Helvetica; color: #1d2129;\">&nbsp;</span></p>\r\n<p style=\"background: white; margin: 4.5pt 0in 4.5pt 0in;\"><span style=\"font-size: 10.5pt; font-family: \'inherit\',\'serif\'; mso-bidi-font-family: Helvetica; color: #1d2129;\">NOTE:<br />UNDER BOOK &amp; BUY<br />SLOTS ARE SUBJECT FOR AVAILABILITY</span></p>\r\n<p style=\"background: white; margin: 4.5pt 0in 4.5pt 0in;\"><span style=\"font-size: 10.5pt; font-family: \'inherit\',\'serif\'; mso-bidi-font-family: Helvetica; color: #1d2129;\">&nbsp;</span></p>\r\n<p style=\"background: white; margin: 4.5pt 0in 4.5pt 0in;\"><span style=\"font-size: 10.5pt; font-family: \'inherit\',\'serif\'; mso-bidi-font-family: Helvetica; color: #1d2129;\">INTERNATIONAL INQUIRIES: </span></p>\r\n<p style=\"background: white; margin: 4.5pt 0in 4.5pt 0in;\"><span style=\"font-size: 10.5pt; font-family: \'inherit\',\'serif\'; mso-bidi-font-family: Helvetica; color: #1d2129;\">Email address: </span><a href=\"mailto:capturedmemoriestravelandtours@gmail.com\"><span style=\"font-size: 10.5pt; font-family: \'inherit\',\'serif\'; mso-bidi-font-family: Helvetica;\">capturedmemoriestravelandtours@gmail.com</span></a></p>\r\n<p style=\"background: white; margin: 4.5pt 0in 4.5pt 0in;\"><span style=\"font-size: 10.5pt; font-family: \'inherit\',\'serif\'; mso-bidi-font-family: Helvetica; color: #1d2129;\">Facebook: Captured Memories Travel and Tours</span></p>\r\n<p style=\"background: white; margin: 4.5pt 0in 4.5pt 0in;\"><span style=\"font-size: 10.5pt; font-family: \'inherit\',\'serif\'; mso-bidi-font-family: Helvetica; color: #1d2129;\">Landline no.: (02) 9178134</span></p>\r\n<p style=\"background: white; margin: 4.5pt 0in 4.5pt 0in;\"><span style=\"font-size: 10.5pt; font-family: \'inherit\',\'serif\'; mso-bidi-font-family: Helvetica; color: #1d2129;\">Phone no.: +63 9155018187 (GLOBE)</span></p>\r\n<p style=\"background: white; margin: 4.5pt 0in 4.5pt 0in;\"><span style=\"font-size: 10.5pt; font-family: \'inherit\',\'serif\'; mso-bidi-font-family: Helvetica; color: #1d2129;\"><span style=\"mso-tab-count: 1;\">&nbsp;&nbsp;&nbsp;&nbsp;&nbsp;&nbsp;&nbsp;&nbsp;&nbsp;&nbsp;&nbsp; </span><span style=\"mso-spacerun: yes;\">&nbsp;&nbsp;&nbsp;&nbsp; </span>+63 9164847665 (GLOBE)</span></p>\r\n<p><!--EndFragment--></p>','2019-11-16','2019-11-30','4','2020',0,'/Applications/MAMP/htdocs/capture_memories/admin/../public/images/tour/hk.jpg','/capture_memories/public/images/tour/hk.jpg','active','2019-07-07 20:29:10','2019-11-19 10:18:20','0000-00-00 00:00:00'),
	(40,7,'BATANES 3D2N PROMO PACKAGE','<p><!-- [if gte mso 9]><xml>\r\n <o:DocumentProperties>\r\n  <o:Revision>0</o:Revision>\r\n  <o:TotalTime>0</o:TotalTime>\r\n  <o:Pages>1</o:Pages>\r\n  <o:Words>169</o:Words>\r\n  <o:Characters>965</o:Characters>\r\n  <o:Company>a99</o:Company>\r\n  <o:Lines>8</o:Lines>\r\n  <o:Paragraphs>2</o:Paragraphs>\r\n  <o:CharactersWithSpaces>1132</o:CharactersWithSpaces>\r\n  <o:Version>14.0</o:Version>\r\n </o:DocumentProperties>\r\n <o:OfficeDocumentSettings>\r\n  <o:AllowPNG/>\r\n </o:OfficeDocumentSettings>\r\n</xml><![endif]--> <!-- [if gte mso 9]><xml>\r\n <w:WordDocument>\r\n  <w:View>Normal</w:View>\r\n  <w:Zoom>0</w:Zoom>\r\n  <w:TrackMoves/>\r\n  <w:TrackFormatting/>\r\n  <w:PunctuationKerning/>\r\n  <w:ValidateAgainstSchemas/>\r\n  <w:SaveIfXMLInvalid>false</w:SaveIfXMLInvalid>\r\n  <w:IgnoreMixedContent>false</w:IgnoreMixedContent>\r\n  <w:AlwaysShowPlaceholderText>false</w:AlwaysShowPlaceholderText>\r\n  <w:DoNotPromoteQF/>\r\n  <w:LidThemeOther>EN-US</w:LidThemeOther>\r\n  <w:LidThemeAsian>JA</w:LidThemeAsian>\r\n  <w:LidThemeComplexScript>X-NONE</w:LidThemeComplexScript>\r\n  <w:Compatibility>\r\n   <w:BreakWrappedTables/>\r\n   <w:SnapToGridInCell/>\r\n   <w:WrapTextWithPunct/>\r\n   <w:UseAsianBreakRules/>\r\n   <w:DontGrowAutofit/>\r\n   <w:SplitPgBreakAndParaMark/>\r\n   <w:EnableOpenTypeKerning/>\r\n   <w:DontFlipMirrorIndents/>\r\n   <w:OverrideTableStyleHps/>\r\n  </w:Compatibility>\r\n  <m:mathPr>\r\n   <m:mathFont m:val=\"Cambria Math\"/>\r\n   <m:brkBin m:val=\"before\"/>\r\n   <m:brkBinSub m:val=\"&#45;-\"/>\r\n   <m:smallFrac m:val=\"off\"/>\r\n   <m:dispDef/>\r\n   <m:lMargin m:val=\"0\"/>\r\n   <m:rMargin m:val=\"0\"/>\r\n   <m:defJc m:val=\"centerGroup\"/>\r\n   <m:wrapIndent m:val=\"1440\"/>\r\n   <m:intLim m:val=\"subSup\"/>\r\n   <m:naryLim m:val=\"undOvr\"/>\r\n  </m:mathPr></w:WordDocument>\r\n</xml><![endif]--><!-- [if gte mso 9]><xml>\r\n <w:LatentStyles DefLockedState=\"false\" DefUnhideWhenUsed=\"true\"\r\n  DefSemiHidden=\"true\" DefQFormat=\"false\" DefPriority=\"99\"\r\n  LatentStyleCount=\"276\">\r\n  <w:LsdException Locked=\"false\" Priority=\"0\" SemiHidden=\"false\"\r\n   UnhideWhenUsed=\"false\" QFormat=\"true\" Name=\"Normal\"/>\r\n  <w:LsdException Locked=\"false\" Priority=\"9\" SemiHidden=\"false\"\r\n   UnhideWhenUsed=\"false\" QFormat=\"true\" Name=\"heading 1\"/>\r\n  <w:LsdException Locked=\"false\" Priority=\"9\" QFormat=\"true\" Name=\"heading 2\"/>\r\n  <w:LsdException Locked=\"false\" Priority=\"9\" QFormat=\"true\" Name=\"heading 3\"/>\r\n  <w:LsdException Locked=\"false\" Priority=\"9\" QFormat=\"true\" Name=\"heading 4\"/>\r\n  <w:LsdException Locked=\"false\" Priority=\"9\" QFormat=\"true\" Name=\"heading 5\"/>\r\n  <w:LsdException Locked=\"false\" Priority=\"9\" QFormat=\"true\" Name=\"heading 6\"/>\r\n  <w:LsdException Locked=\"false\" Priority=\"9\" QFormat=\"true\" Name=\"heading 7\"/>\r\n  <w:LsdException Locked=\"false\" Priority=\"9\" QFormat=\"true\" Name=\"heading 8\"/>\r\n  <w:LsdException Locked=\"false\" Priority=\"9\" QFormat=\"true\" Name=\"heading 9\"/>\r\n  <w:LsdException Locked=\"false\" Priority=\"39\" Name=\"toc 1\"/>\r\n  <w:LsdException Locked=\"false\" Priority=\"39\" Name=\"toc 2\"/>\r\n  <w:LsdException Locked=\"false\" Priority=\"39\" Name=\"toc 3\"/>\r\n  <w:LsdException Locked=\"false\" Priority=\"39\" Name=\"toc 4\"/>\r\n  <w:LsdException Locked=\"false\" Priority=\"39\" Name=\"toc 5\"/>\r\n  <w:LsdException Locked=\"false\" Priority=\"39\" Name=\"toc 6\"/>\r\n  <w:LsdException Locked=\"false\" Priority=\"39\" Name=\"toc 7\"/>\r\n  <w:LsdException Locked=\"false\" Priority=\"39\" Name=\"toc 8\"/>\r\n  <w:LsdException Locked=\"false\" Priority=\"39\" Name=\"toc 9\"/>\r\n  <w:LsdException Locked=\"false\" Priority=\"35\" QFormat=\"true\" Name=\"caption\"/>\r\n  <w:LsdException Locked=\"false\" Priority=\"10\" SemiHidden=\"false\"\r\n   UnhideWhenUsed=\"false\" QFormat=\"true\" Name=\"Title\"/>\r\n  <w:LsdException Locked=\"false\" Priority=\"1\" Name=\"Default Paragraph Font\"/>\r\n  <w:LsdException Locked=\"false\" Priority=\"11\" SemiHidden=\"false\"\r\n   UnhideWhenUsed=\"false\" QFormat=\"true\" Name=\"Subtitle\"/>\r\n  <w:LsdException Locked=\"false\" Priority=\"22\" SemiHidden=\"false\"\r\n   UnhideWhenUsed=\"false\" QFormat=\"true\" Name=\"Strong\"/>\r\n  <w:LsdException Locked=\"false\" Priority=\"20\" SemiHidden=\"false\"\r\n   UnhideWhenUsed=\"false\" QFormat=\"true\" Name=\"Emphasis\"/>\r\n  <w:LsdException Locked=\"false\" Priority=\"59\" SemiHidden=\"false\"\r\n   UnhideWhenUsed=\"false\" Name=\"Table Grid\"/>\r\n  <w:LsdException Locked=\"false\" UnhideWhenUsed=\"false\" Name=\"Placeholder Text\"/>\r\n  <w:LsdException Locked=\"false\" Priority=\"1\" SemiHidden=\"false\"\r\n   UnhideWhenUsed=\"false\" QFormat=\"true\" Name=\"No Spacing\"/>\r\n  <w:LsdException Locked=\"false\" Priority=\"60\" SemiHidden=\"false\"\r\n   UnhideWhenUsed=\"false\" Name=\"Light Shading\"/>\r\n  <w:LsdException Locked=\"false\" Priority=\"61\" SemiHidden=\"false\"\r\n   UnhideWhenUsed=\"false\" Name=\"Light List\"/>\r\n  <w:LsdException Locked=\"false\" Priority=\"62\" SemiHidden=\"false\"\r\n   UnhideWhenUsed=\"false\" Name=\"Light Grid\"/>\r\n  <w:LsdException Locked=\"false\" Priority=\"63\" SemiHidden=\"false\"\r\n   UnhideWhenUsed=\"false\" Name=\"Medium Shading 1\"/>\r\n  <w:LsdException Locked=\"false\" Priority=\"64\" SemiHidden=\"false\"\r\n   UnhideWhenUsed=\"false\" Name=\"Medium Shading 2\"/>\r\n  <w:LsdException Locked=\"false\" Priority=\"65\" SemiHidden=\"false\"\r\n   UnhideWhenUsed=\"false\" Name=\"Medium List 1\"/>\r\n  <w:LsdException Locked=\"false\" Priority=\"66\" SemiHidden=\"false\"\r\n   UnhideWhenUsed=\"false\" Name=\"Medium List 2\"/>\r\n  <w:LsdException Locked=\"false\" Priority=\"67\" SemiHidden=\"false\"\r\n   UnhideWhenUsed=\"false\" Name=\"Medium Grid 1\"/>\r\n  <w:LsdException Locked=\"false\" Priority=\"68\" SemiHidden=\"false\"\r\n   UnhideWhenUsed=\"false\" Name=\"Medium Grid 2\"/>\r\n  <w:LsdException Locked=\"false\" Priority=\"69\" SemiHidden=\"false\"\r\n   UnhideWhenUsed=\"false\" Name=\"Medium Grid 3\"/>\r\n  <w:LsdException Locked=\"false\" Priority=\"70\" SemiHidden=\"false\"\r\n   UnhideWhenUsed=\"false\" Name=\"Dark List\"/>\r\n  <w:LsdException Locked=\"false\" Priority=\"71\" SemiHidden=\"false\"\r\n   UnhideWhenUsed=\"false\" Name=\"Colorful Shading\"/>\r\n  <w:LsdException Locked=\"false\" Priority=\"72\" SemiHidden=\"false\"\r\n   UnhideWhenUsed=\"false\" Name=\"Colorful List\"/>\r\n  <w:LsdException Locked=\"false\" Priority=\"73\" SemiHidden=\"false\"\r\n   UnhideWhenUsed=\"false\" Name=\"Colorful Grid\"/>\r\n  <w:LsdException Locked=\"false\" Priority=\"60\" SemiHidden=\"false\"\r\n   UnhideWhenUsed=\"false\" Name=\"Light Shading Accent 1\"/>\r\n  <w:LsdException Locked=\"false\" Priority=\"61\" SemiHidden=\"false\"\r\n   UnhideWhenUsed=\"false\" Name=\"Light List Accent 1\"/>\r\n  <w:LsdException Locked=\"false\" Priority=\"62\" SemiHidden=\"false\"\r\n   UnhideWhenUsed=\"false\" Name=\"Light Grid Accent 1\"/>\r\n  <w:LsdException Locked=\"false\" Priority=\"63\" SemiHidden=\"false\"\r\n   UnhideWhenUsed=\"false\" Name=\"Medium Shading 1 Accent 1\"/>\r\n  <w:LsdException Locked=\"false\" Priority=\"64\" SemiHidden=\"false\"\r\n   UnhideWhenUsed=\"false\" Name=\"Medium Shading 2 Accent 1\"/>\r\n  <w:LsdException Locked=\"false\" Priority=\"65\" SemiHidden=\"false\"\r\n   UnhideWhenUsed=\"false\" Name=\"Medium List 1 Accent 1\"/>\r\n  <w:LsdException Locked=\"false\" UnhideWhenUsed=\"false\" Name=\"Revision\"/>\r\n  <w:LsdException Locked=\"false\" Priority=\"34\" SemiHidden=\"false\"\r\n   UnhideWhenUsed=\"false\" QFormat=\"true\" Name=\"List Paragraph\"/>\r\n  <w:LsdException Locked=\"false\" Priority=\"29\" SemiHidden=\"false\"\r\n   UnhideWhenUsed=\"false\" QFormat=\"true\" Name=\"Quote\"/>\r\n  <w:LsdException Locked=\"false\" Priority=\"30\" SemiHidden=\"false\"\r\n   UnhideWhenUsed=\"false\" QFormat=\"true\" Name=\"Intense Quote\"/>\r\n  <w:LsdException Locked=\"false\" Priority=\"66\" SemiHidden=\"false\"\r\n   UnhideWhenUsed=\"false\" Name=\"Medium List 2 Accent 1\"/>\r\n  <w:LsdException Locked=\"false\" Priority=\"67\" SemiHidden=\"false\"\r\n   UnhideWhenUsed=\"false\" Name=\"Medium Grid 1 Accent 1\"/>\r\n  <w:LsdException Locked=\"false\" Priority=\"68\" SemiHidden=\"false\"\r\n   UnhideWhenUsed=\"false\" Name=\"Medium Grid 2 Accent 1\"/>\r\n  <w:LsdException Locked=\"false\" Priority=\"69\" SemiHidden=\"false\"\r\n   UnhideWhenUsed=\"false\" Name=\"Medium Grid 3 Accent 1\"/>\r\n  <w:LsdException Locked=\"false\" Priority=\"70\" SemiHidden=\"false\"\r\n   UnhideWhenUsed=\"false\" Name=\"Dark List Accent 1\"/>\r\n  <w:LsdException Locked=\"false\" Priority=\"71\" SemiHidden=\"false\"\r\n   UnhideWhenUsed=\"false\" Name=\"Colorful Shading Accent 1\"/>\r\n  <w:LsdException Locked=\"false\" Priority=\"72\" SemiHidden=\"false\"\r\n   UnhideWhenUsed=\"false\" Name=\"Colorful List Accent 1\"/>\r\n  <w:LsdException Locked=\"false\" Priority=\"73\" SemiHidden=\"false\"\r\n   UnhideWhenUsed=\"false\" Name=\"Colorful Grid Accent 1\"/>\r\n  <w:LsdException Locked=\"false\" Priority=\"60\" SemiHidden=\"false\"\r\n   UnhideWhenUsed=\"false\" Name=\"Light Shading Accent 2\"/>\r\n  <w:LsdException Locked=\"false\" Priority=\"61\" SemiHidden=\"false\"\r\n   UnhideWhenUsed=\"false\" Name=\"Light List Accent 2\"/>\r\n  <w:LsdException Locked=\"false\" Priority=\"62\" SemiHidden=\"false\"\r\n   UnhideWhenUsed=\"false\" Name=\"Light Grid Accent 2\"/>\r\n  <w:LsdException Locked=\"false\" Priority=\"63\" SemiHidden=\"false\"\r\n   UnhideWhenUsed=\"false\" Name=\"Medium Shading 1 Accent 2\"/>\r\n  <w:LsdException Locked=\"false\" Priority=\"64\" SemiHidden=\"false\"\r\n   UnhideWhenUsed=\"false\" Name=\"Medium Shading 2 Accent 2\"/>\r\n  <w:LsdException Locked=\"false\" Priority=\"65\" SemiHidden=\"false\"\r\n   UnhideWhenUsed=\"false\" Name=\"Medium List 1 Accent 2\"/>\r\n  <w:LsdException Locked=\"false\" Priority=\"66\" SemiHidden=\"false\"\r\n   UnhideWhenUsed=\"false\" Name=\"Medium List 2 Accent 2\"/>\r\n  <w:LsdException Locked=\"false\" Priority=\"67\" SemiHidden=\"false\"\r\n   UnhideWhenUsed=\"false\" Name=\"Medium Grid 1 Accent 2\"/>\r\n  <w:LsdException Locked=\"false\" Priority=\"68\" SemiHidden=\"false\"\r\n   UnhideWhenUsed=\"false\" Name=\"Medium Grid 2 Accent 2\"/>\r\n  <w:LsdException Locked=\"false\" Priority=\"69\" SemiHidden=\"false\"\r\n   UnhideWhenUsed=\"false\" Name=\"Medium Grid 3 Accent 2\"/>\r\n  <w:LsdException Locked=\"false\" Priority=\"70\" SemiHidden=\"false\"\r\n   UnhideWhenUsed=\"false\" Name=\"Dark List Accent 2\"/>\r\n  <w:LsdException Locked=\"false\" Priority=\"71\" SemiHidden=\"false\"\r\n   UnhideWhenUsed=\"false\" Name=\"Colorful Shading Accent 2\"/>\r\n  <w:LsdException Locked=\"false\" Priority=\"72\" SemiHidden=\"false\"\r\n   UnhideWhenUsed=\"false\" Name=\"Colorful List Accent 2\"/>\r\n  <w:LsdException Locked=\"false\" Priority=\"73\" SemiHidden=\"false\"\r\n   UnhideWhenUsed=\"false\" Name=\"Colorful Grid Accent 2\"/>\r\n  <w:LsdException Locked=\"false\" Priority=\"60\" SemiHidden=\"false\"\r\n   UnhideWhenUsed=\"false\" Name=\"Light Shading Accent 3\"/>\r\n  <w:LsdException Locked=\"false\" Priority=\"61\" SemiHidden=\"false\"\r\n   UnhideWhenUsed=\"false\" Name=\"Light List Accent 3\"/>\r\n  <w:LsdException Locked=\"false\" Priority=\"62\" SemiHidden=\"false\"\r\n   UnhideWhenUsed=\"false\" Name=\"Light Grid Accent 3\"/>\r\n  <w:LsdException Locked=\"false\" Priority=\"63\" SemiHidden=\"false\"\r\n   UnhideWhenUsed=\"false\" Name=\"Medium Shading 1 Accent 3\"/>\r\n  <w:LsdException Locked=\"false\" Priority=\"64\" SemiHidden=\"false\"\r\n   UnhideWhenUsed=\"false\" Name=\"Medium Shading 2 Accent 3\"/>\r\n  <w:LsdException Locked=\"false\" Priority=\"65\" SemiHidden=\"false\"\r\n   UnhideWhenUsed=\"false\" Name=\"Medium List 1 Accent 3\"/>\r\n  <w:LsdException Locked=\"false\" Priority=\"66\" SemiHidden=\"false\"\r\n   UnhideWhenUsed=\"false\" Name=\"Medium List 2 Accent 3\"/>\r\n  <w:LsdException Locked=\"false\" Priority=\"67\" SemiHidden=\"false\"\r\n   UnhideWhenUsed=\"false\" Name=\"Medium Grid 1 Accent 3\"/>\r\n  <w:LsdException Locked=\"false\" Priority=\"68\" SemiHidden=\"false\"\r\n   UnhideWhenUsed=\"false\" Name=\"Medium Grid 2 Accent 3\"/>\r\n  <w:LsdException Locked=\"false\" Priority=\"69\" SemiHidden=\"false\"\r\n   UnhideWhenUsed=\"false\" Name=\"Medium Grid 3 Accent 3\"/>\r\n  <w:LsdException Locked=\"false\" Priority=\"70\" SemiHidden=\"false\"\r\n   UnhideWhenUsed=\"false\" Name=\"Dark List Accent 3\"/>\r\n  <w:LsdException Locked=\"false\" Priority=\"71\" SemiHidden=\"false\"\r\n   UnhideWhenUsed=\"false\" Name=\"Colorful Shading Accent 3\"/>\r\n  <w:LsdException Locked=\"false\" Priority=\"72\" SemiHidden=\"false\"\r\n   UnhideWhenUsed=\"false\" Name=\"Colorful List Accent 3\"/>\r\n  <w:LsdException Locked=\"false\" Priority=\"73\" SemiHidden=\"false\"\r\n   UnhideWhenUsed=\"false\" Name=\"Colorful Grid Accent 3\"/>\r\n  <w:LsdException Locked=\"false\" Priority=\"60\" SemiHidden=\"false\"\r\n   UnhideWhenUsed=\"false\" Name=\"Light Shading Accent 4\"/>\r\n  <w:LsdException Locked=\"false\" Priority=\"61\" SemiHidden=\"false\"\r\n   UnhideWhenUsed=\"false\" Name=\"Light List Accent 4\"/>\r\n  <w:LsdException Locked=\"false\" Priority=\"62\" SemiHidden=\"false\"\r\n   UnhideWhenUsed=\"false\" Name=\"Light Grid Accent 4\"/>\r\n  <w:LsdException Locked=\"false\" Priority=\"63\" SemiHidden=\"false\"\r\n   UnhideWhenUsed=\"false\" Name=\"Medium Shading 1 Accent 4\"/>\r\n  <w:LsdException Locked=\"false\" Priority=\"64\" SemiHidden=\"false\"\r\n   UnhideWhenUsed=\"false\" Name=\"Medium Shading 2 Accent 4\"/>\r\n  <w:LsdException Locked=\"false\" Priority=\"65\" SemiHidden=\"false\"\r\n   UnhideWhenUsed=\"false\" Name=\"Medium List 1 Accent 4\"/>\r\n  <w:LsdException Locked=\"false\" Priority=\"66\" SemiHidden=\"false\"\r\n   UnhideWhenUsed=\"false\" Name=\"Medium List 2 Accent 4\"/>\r\n  <w:LsdException Locked=\"false\" Priority=\"67\" SemiHidden=\"false\"\r\n   UnhideWhenUsed=\"false\" Name=\"Medium Grid 1 Accent 4\"/>\r\n  <w:LsdException Locked=\"false\" Priority=\"68\" SemiHidden=\"false\"\r\n   UnhideWhenUsed=\"false\" Name=\"Medium Grid 2 Accent 4\"/>\r\n  <w:LsdException Locked=\"false\" Priority=\"69\" SemiHidden=\"false\"\r\n   UnhideWhenUsed=\"false\" Name=\"Medium Grid 3 Accent 4\"/>\r\n  <w:LsdException Locked=\"false\" Priority=\"70\" SemiHidden=\"false\"\r\n   UnhideWhenUsed=\"false\" Name=\"Dark List Accent 4\"/>\r\n  <w:LsdException Locked=\"false\" Priority=\"71\" SemiHidden=\"false\"\r\n   UnhideWhenUsed=\"false\" Name=\"Colorful Shading Accent 4\"/>\r\n  <w:LsdException Locked=\"false\" Priority=\"72\" SemiHidden=\"false\"\r\n   UnhideWhenUsed=\"false\" Name=\"Colorful List Accent 4\"/>\r\n  <w:LsdException Locked=\"false\" Priority=\"73\" SemiHidden=\"false\"\r\n   UnhideWhenUsed=\"false\" Name=\"Colorful Grid Accent 4\"/>\r\n  <w:LsdException Locked=\"false\" Priority=\"60\" SemiHidden=\"false\"\r\n   UnhideWhenUsed=\"false\" Name=\"Light Shading Accent 5\"/>\r\n  <w:LsdException Locked=\"false\" Priority=\"61\" SemiHidden=\"false\"\r\n   UnhideWhenUsed=\"false\" Name=\"Light List Accent 5\"/>\r\n  <w:LsdException Locked=\"false\" Priority=\"62\" SemiHidden=\"false\"\r\n   UnhideWhenUsed=\"false\" Name=\"Light Grid Accent 5\"/>\r\n  <w:LsdException Locked=\"false\" Priority=\"63\" SemiHidden=\"false\"\r\n   UnhideWhenUsed=\"false\" Name=\"Medium Shading 1 Accent 5\"/>\r\n  <w:LsdException Locked=\"false\" Priority=\"64\" SemiHidden=\"false\"\r\n   UnhideWhenUsed=\"false\" Name=\"Medium Shading 2 Accent 5\"/>\r\n  <w:LsdException Locked=\"false\" Priority=\"65\" SemiHidden=\"false\"\r\n   UnhideWhenUsed=\"false\" Name=\"Medium List 1 Accent 5\"/>\r\n  <w:LsdException Locked=\"false\" Priority=\"66\" SemiHidden=\"false\"\r\n   UnhideWhenUsed=\"false\" Name=\"Medium List 2 Accent 5\"/>\r\n  <w:LsdException Locked=\"false\" Priority=\"67\" SemiHidden=\"false\"\r\n   UnhideWhenUsed=\"false\" Name=\"Medium Grid 1 Accent 5\"/>\r\n  <w:LsdException Locked=\"false\" Priority=\"68\" SemiHidden=\"false\"\r\n   UnhideWhenUsed=\"false\" Name=\"Medium Grid 2 Accent 5\"/>\r\n  <w:LsdException Locked=\"false\" Priority=\"69\" SemiHidden=\"false\"\r\n   UnhideWhenUsed=\"false\" Name=\"Medium Grid 3 Accent 5\"/>\r\n  <w:LsdException Locked=\"false\" Priority=\"70\" SemiHidden=\"false\"\r\n   UnhideWhenUsed=\"false\" Name=\"Dark List Accent 5\"/>\r\n  <w:LsdException Locked=\"false\" Priority=\"71\" SemiHidden=\"false\"\r\n   UnhideWhenUsed=\"false\" Name=\"Colorful Shading Accent 5\"/>\r\n  <w:LsdException Locked=\"false\" Priority=\"72\" SemiHidden=\"false\"\r\n   UnhideWhenUsed=\"false\" Name=\"Colorful List Accent 5\"/>\r\n  <w:LsdException Locked=\"false\" Priority=\"73\" SemiHidden=\"false\"\r\n   UnhideWhenUsed=\"false\" Name=\"Colorful Grid Accent 5\"/>\r\n  <w:LsdException Locked=\"false\" Priority=\"60\" SemiHidden=\"false\"\r\n   UnhideWhenUsed=\"false\" Name=\"Light Shading Accent 6\"/>\r\n  <w:LsdException Locked=\"false\" Priority=\"61\" SemiHidden=\"false\"\r\n   UnhideWhenUsed=\"false\" Name=\"Light List Accent 6\"/>\r\n  <w:LsdException Locked=\"false\" Priority=\"62\" SemiHidden=\"false\"\r\n   UnhideWhenUsed=\"false\" Name=\"Light Grid Accent 6\"/>\r\n  <w:LsdException Locked=\"false\" Priority=\"63\" SemiHidden=\"false\"\r\n   UnhideWhenUsed=\"false\" Name=\"Medium Shading 1 Accent 6\"/>\r\n  <w:LsdException Locked=\"false\" Priority=\"64\" SemiHidden=\"false\"\r\n   UnhideWhenUsed=\"false\" Name=\"Medium Shading 2 Accent 6\"/>\r\n  <w:LsdException Locked=\"false\" Priority=\"65\" SemiHidden=\"false\"\r\n   UnhideWhenUsed=\"false\" Name=\"Medium List 1 Accent 6\"/>\r\n  <w:LsdException Locked=\"false\" Priority=\"66\" SemiHidden=\"false\"\r\n   UnhideWhenUsed=\"false\" Name=\"Medium List 2 Accent 6\"/>\r\n  <w:LsdException Locked=\"false\" Priority=\"67\" SemiHidden=\"false\"\r\n   UnhideWhenUsed=\"false\" Name=\"Medium Grid 1 Accent 6\"/>\r\n  <w:LsdException Locked=\"false\" Priority=\"68\" SemiHidden=\"false\"\r\n   UnhideWhenUsed=\"false\" Name=\"Medium Grid 2 Accent 6\"/>\r\n  <w:LsdException Locked=\"false\" Priority=\"69\" SemiHidden=\"false\"\r\n   UnhideWhenUsed=\"false\" Name=\"Medium Grid 3 Accent 6\"/>\r\n  <w:LsdException Locked=\"false\" Priority=\"70\" SemiHidden=\"false\"\r\n   UnhideWhenUsed=\"false\" Name=\"Dark List Accent 6\"/>\r\n  <w:LsdException Locked=\"false\" Priority=\"71\" SemiHidden=\"false\"\r\n   UnhideWhenUsed=\"false\" Name=\"Colorful Shading Accent 6\"/>\r\n  <w:LsdException Locked=\"false\" Priority=\"72\" SemiHidden=\"false\"\r\n   UnhideWhenUsed=\"false\" Name=\"Colorful List Accent 6\"/>\r\n  <w:LsdException Locked=\"false\" Priority=\"73\" SemiHidden=\"false\"\r\n   UnhideWhenUsed=\"false\" Name=\"Colorful Grid Accent 6\"/>\r\n  <w:LsdException Locked=\"false\" Priority=\"19\" SemiHidden=\"false\"\r\n   UnhideWhenUsed=\"false\" QFormat=\"true\" Name=\"Subtle Emphasis\"/>\r\n  <w:LsdException Locked=\"false\" Priority=\"21\" SemiHidden=\"false\"\r\n   UnhideWhenUsed=\"false\" QFormat=\"true\" Name=\"Intense Emphasis\"/>\r\n  <w:LsdException Locked=\"false\" Priority=\"31\" SemiHidden=\"false\"\r\n   UnhideWhenUsed=\"false\" QFormat=\"true\" Name=\"Subtle Reference\"/>\r\n  <w:LsdException Locked=\"false\" Priority=\"32\" SemiHidden=\"false\"\r\n   UnhideWhenUsed=\"false\" QFormat=\"true\" Name=\"Intense Reference\"/>\r\n  <w:LsdException Locked=\"false\" Priority=\"33\" SemiHidden=\"false\"\r\n   UnhideWhenUsed=\"false\" QFormat=\"true\" Name=\"Book Title\"/>\r\n  <w:LsdException Locked=\"false\" Priority=\"37\" Name=\"Bibliography\"/>\r\n  <w:LsdException Locked=\"false\" Priority=\"39\" QFormat=\"true\" Name=\"TOC Heading\"/>\r\n </w:LatentStyles>\r\n</xml><![endif]--><!-- [if gte mso 10]>\r\n<style>\r\n /* Style Definitions */\r\ntable.MsoNormalTable\r\n	{mso-style-name:\"Table Normal\";\r\n	mso-tstyle-rowband-size:0;\r\n	mso-tstyle-colband-size:0;\r\n	mso-style-noshow:yes;\r\n	mso-style-priority:99;\r\n	mso-style-parent:\"\";\r\n	mso-padding-alt:0in 5.4pt 0in 5.4pt;\r\n	mso-para-margin-top:0in;\r\n	mso-para-margin-right:0in;\r\n	mso-para-margin-bottom:10.0pt;\r\n	mso-para-margin-left:0in;\r\n	line-height:115%;\r\n	mso-pagination:widow-orphan;\r\n	font-size:11.0pt;\r\n	font-family:Calibri;\r\n	mso-ascii-font-family:Calibri;\r\n	mso-ascii-theme-font:minor-latin;\r\n	mso-hansi-font-family:Calibri;\r\n	mso-hansi-theme-font:minor-latin;}\r\n</style>\r\n<![endif]--> <!--StartFragment--></p>\r\n<p style=\"background: white; margin: 4.5pt 0in 4.5pt 0in;\"><strong style=\"mso-bidi-font-weight: normal;\"><span style=\"font-size: 10.5pt; font-family: \'inherit\',\'serif\'; mso-bidi-font-family: Helvetica; color: #1d2129;\">Travel period: July. 15 - Dec.30, 2019</span></strong></p>\r\n<p style=\"background: white; margin: 4.5pt 0in 4.5pt 0in;\"><strong style=\"mso-bidi-font-weight: normal;\"><span style=\"font-size: 10.5pt; font-family: \'inherit\',\'serif\'; mso-bidi-font-family: Helvetica; color: #1d2129;\">Selling Period: May 28-31,2019</span></strong></p>\r\n<p style=\"margin: 0in; margin-bottom: .0001pt; background: white;\"><span style=\"font-size: 10.5pt; font-family: Helvetica; mso-bidi-font-family: Helvetica; color: #1d2129;\">&nbsp;</span></p>\r\n<p style=\"background: white; margin: 4.5pt 0in 4.5pt 0in;\"><span style=\"font-size: 10.5pt; font-family: Helvetica; mso-bidi-font-family: Helvetica; color: #1d2129;\">2-Nights Accommodation + 2-Days Tour = P4,800/head</span></p>\r\n<p style=\"background: white; margin: 4.5pt 0in 4.5pt 0in;\"><span style=\"font-size: 10.5pt; font-family: Helvetica; mso-bidi-font-family: Helvetica; color: #1d2129;\">(minimum of 4pax)- Quad Sharing</span></p>\r\n<p style=\"background: white; margin: 0in 0in 4.5pt 0in;\"><span style=\"font-size: 10.5pt; font-family: \'inherit\',\'serif\'; mso-bidi-font-family: Helvetica; color: #1d2129;\">4,800/person- Quad Sharing (Van Tour with Tour Guide)</span></p>\r\n<p style=\"background: white; margin: 4.5pt 0in 4.5pt 0in;\"><span style=\"font-size: 10.5pt; font-family: \'inherit\',\'serif\'; mso-bidi-font-family: Helvetica; color: #1d2129;\">4,000/person -Triple Sharing (Tour via Tricycle w/o Tour Guide)</span></p>\r\n<p style=\"background: white; margin: 4.5pt 0in 4.5pt 0in;\"><span style=\"font-size: 10.5pt; font-family: \'inherit\',\'serif\'; mso-bidi-font-family: Helvetica; color: #1d2129;\">4,500/person- Twin Sharing (Tour via Tricycle w/o Tour Guide)</span></p>\r\n<p style=\"background: white; margin: 4.5pt 0in 4.5pt 0in;\"><span style=\"font-size: 10.5pt; font-family: \'inherit\',\'serif\'; mso-bidi-font-family: Helvetica; color: #1d2129;\">8,700/person- Solo (Tour via Tricycle w/o Tour Guide)</span></p>\r\n<p style=\"background: white; margin: 4.5pt 0in 4.5pt 0in;\"><span style=\"font-size: 10.5pt; font-family: \'inherit\',\'serif\'; mso-bidi-font-family: Helvetica; color: #1d2129;\">&nbsp;</span></p>\r\n<p style=\"background: white; margin: 4.5pt 0in 4.5pt 0in;\"><span style=\"font-size: 10.5pt; font-family: \'inherit\',\'serif\'; mso-bidi-font-family: Helvetica; color: #1d2129;\">Inclusions:</span></p>\r\n<p style=\"text-indent: -.25in; mso-list: l0 level1 lfo1; background: white; margin: 0in 0in .0001pt 39.0pt;\"><!-- [if !supportLists]--><span style=\"font-size: 10.5pt; font-family: Symbol; mso-fareast-font-family: Symbol; mso-bidi-font-family: Symbol; color: #1d2129;\"><span style=\"mso-list: Ignore;\">&middot;<span style=\"font: 7.0pt \'Times New Roman\';\">&nbsp;&nbsp;&nbsp;&nbsp;&nbsp;&nbsp; </span></span></span><!--[endif]--><span style=\"font-size: 10.5pt; font-family: \'inherit\',\'serif\'; mso-bidi-font-family: Helvetica; color: #1d2129;\">RT Airport Transfer</span></p>\r\n<p style=\"text-indent: -.25in; mso-list: l0 level1 lfo1; background: white; margin: 0in 0in .0001pt 39.0pt;\"><!-- [if !supportLists]--><span style=\"font-size: 10.5pt; font-family: Symbol; mso-fareast-font-family: Symbol; mso-bidi-font-family: Symbol; color: #1d2129;\"><span style=\"mso-list: Ignore;\">&middot;<span style=\"font: 7.0pt \'Times New Roman\';\">&nbsp;&nbsp;&nbsp;&nbsp;&nbsp;&nbsp; </span></span></span><!--[endif]--><span style=\"font-size: 10.5pt; font-family: \'inherit\',\'serif\'; mso-bidi-font-family: Helvetica; color: #1d2129;\">2Nights accommodation with daily breakfast (@ Nanay Cita\'s Homestay)</span></p>\r\n<p style=\"text-indent: -.25in; mso-list: l0 level1 lfo1; background: white; margin: 0in 0in .0001pt 39.0pt;\"><!-- [if !supportLists]--><span style=\"font-size: 10.5pt; font-family: Symbol; mso-fareast-font-family: Symbol; mso-bidi-font-family: Symbol; color: #1d2129;\"><span style=\"mso-list: Ignore;\">&middot;<span style=\"font: 7.0pt \'Times New Roman\';\">&nbsp;&nbsp;&nbsp;&nbsp;&nbsp;&nbsp; </span></span></span><!--[endif]--><span style=\"font-size: 10.5pt; font-family: \'inherit\',\'serif\'; mso-bidi-font-family: Helvetica; color: #1d2129;\">2-Days tour (North Batan &amp; South Batan tour) (via Van Tour or Tricycle Tour)</span></p>\r\n<p style=\"text-indent: -.25in; mso-list: l0 level1 lfo1; background: white; margin: 0in 0in .0001pt 39.0pt;\"><!-- [if !supportLists]--><span style=\"font-size: 10.5pt; font-family: Symbol; mso-fareast-font-family: Symbol; mso-bidi-font-family: Symbol; color: #1d2129;\"><span style=\"mso-list: Ignore;\">&middot;<span style=\"font: 7.0pt \'Times New Roman\';\">&nbsp;&nbsp;&nbsp;&nbsp;&nbsp;&nbsp; </span></span></span><!--[endif]--><span style=\"font-size: 10.5pt; font-family: \'inherit\',\'serif\'; mso-bidi-font-family: Helvetica; color: #1d2129;\"><span style=\"mso-spacerun: yes;\">&nbsp;</span>Tour Guide Services (For Van Tours Only)</span></p>\r\n<p style=\"text-indent: -.25in; mso-list: l0 level1 lfo1; background: white; margin: 0in 0in .0001pt 39.0pt;\"><!-- [if !supportLists]--><span style=\"font-size: 10.5pt; font-family: Symbol; mso-fareast-font-family: Symbol; mso-bidi-font-family: Symbol; color: #1d2129;\"><span style=\"mso-list: Ignore;\">&middot;<span style=\"font: 7.0pt \'Times New Roman\';\">&nbsp;&nbsp;&nbsp;&nbsp;&nbsp;&nbsp; </span></span></span><!--[endif]--><span style=\"font-size: 10.5pt; font-family: \'inherit\',\'serif\'; mso-bidi-font-family: Helvetica; color: #1d2129;\"><span style=\"mso-spacerun: yes;\">&nbsp;</span>RT Boatfare (OPTIONAL/ FOR SABTANG TOUR ONLY)</span></p>\r\n<p style=\"text-indent: -.25in; mso-list: l0 level1 lfo1; background: white; margin: 0in 0in .0001pt 39.0pt;\"><!-- [if !supportLists]--><span style=\"font-size: 10.5pt; font-family: Symbol; mso-fareast-font-family: Symbol; mso-bidi-font-family: Symbol; color: #1d2129;\"><span style=\"mso-list: Ignore;\">&middot;<span style=\"font: 7.0pt \'Times New Roman\';\">&nbsp;&nbsp;&nbsp;&nbsp;&nbsp;&nbsp; </span></span></span><!--[endif]--><span style=\"font-size: 10.5pt; font-family: \'inherit\',\'serif\'; mso-bidi-font-family: Helvetica; color: #1d2129;\">Environmental Fees</span></p>\r\n<p style=\"background: white; margin: 0in 0in .0001pt 39.0pt;\"><span style=\"font-size: 10.5pt; font-family: \'inherit\',\'serif\'; mso-bidi-font-family: Helvetica; color: #1d2129;\">&nbsp;</span></p>\r\n<p style=\"background: white; margin: 0in 0in .0001pt 39.0pt;\"><span style=\"font-size: 10.5pt; font-family: \'inherit\',\'serif\'; mso-bidi-font-family: Helvetica; color: #1d2129;\">&nbsp;</span></p>\r\n<p style=\"background: white; margin: 4.5pt 0in 4.5pt 0in;\"><span style=\"font-size: 10.5pt; font-family: \'inherit\',\'serif\'; mso-bidi-font-family: Helvetica; color: #1d2129;\">OPTIONAL TOUR:</span></p>\r\n<p style=\"background: white; margin: 4.5pt 0in 4.5pt 0in;\"><span style=\"font-size: 10.5pt; font-family: \'inherit\',\'serif\'; mso-bidi-font-family: Helvetica; color: #1d2129;\">SABTANG TOUR </span></p>\r\n<p style=\"background: white; margin: 4.5pt 0in 4.5pt 0in;\"><span style=\"font-size: 10.5pt; font-family: \'inherit\',\'serif\'; mso-bidi-font-family: Helvetica; color: #1d2129;\">&nbsp;</span></p>\r\n<p style=\"background: white; margin: 4.5pt 0in 4.5pt 0in;\"><span style=\"font-size: 10.5pt; font-family: \'inherit\',\'serif\'; mso-bidi-font-family: Helvetica; color: #1d2129;\">Exclusions:</span></p>\r\n<p style=\"text-indent: -.25in; mso-list: l1 level1 lfo2; background: white; margin: 0in 0in .0001pt .5in;\"><!-- [if !supportLists]--><span style=\"font-size: 10.5pt; font-family: Symbol; mso-fareast-font-family: Symbol; mso-bidi-font-family: Symbol; color: #1d2129;\"><span style=\"mso-list: Ignore;\">&middot;<span style=\"font: 7.0pt \'Times New Roman\';\">&nbsp;&nbsp;&nbsp;&nbsp;&nbsp;&nbsp; </span></span></span><!--[endif]--><span style=\"font-size: 10.5pt; font-family: \'inherit\',\'serif\'; mso-bidi-font-family: Helvetica; color: #1d2129;\">RT Airfare</span></p>\r\n<p style=\"text-indent: -.25in; mso-list: l1 level1 lfo2; background: white; margin: 0in 0in .0001pt .5in;\"><!-- [if !supportLists]--><span style=\"font-size: 10.5pt; font-family: Symbol; mso-fareast-font-family: Symbol; mso-bidi-font-family: Symbol; color: #1d2129;\"><span style=\"mso-list: Ignore;\">&middot;<span style=\"font: 7.0pt \'Times New Roman\';\">&nbsp;&nbsp;&nbsp;&nbsp;&nbsp;&nbsp; </span></span></span><!--[endif]--><span style=\"font-size: 10.5pt; font-family: \'inherit\',\'serif\'; mso-bidi-font-family: Helvetica; color: #1d2129;\">Lunch &amp; Dinner</span></p>\r\n<p style=\"text-indent: -.25in; mso-list: l1 level1 lfo2; background: white; margin: 0in 0in .0001pt .5in;\"><!-- [if !supportLists]--><span style=\"font-size: 10.5pt; font-family: Symbol; mso-fareast-font-family: Symbol; mso-bidi-font-family: Symbol; color: #1d2129;\"><span style=\"mso-list: Ignore;\">&middot;<span style=\"font: 7.0pt \'Times New Roman\';\">&nbsp;&nbsp;&nbsp;&nbsp;&nbsp;&nbsp; </span></span></span><!--[endif]--><span style=\"font-size: 10.5pt; font-family: \'inherit\',\'serif\'; mso-bidi-font-family: Helvetica; color: #1d2129;\">Eco Tourism Fee P400 (upon arrival)</span></p>\r\n<p style=\"text-indent: -.25in; mso-list: l1 level1 lfo2; background: white; margin: 0in 0in .0001pt .5in;\"><!-- [if !supportLists]--><span style=\"font-size: 10.5pt; font-family: Symbol; mso-fareast-font-family: Symbol; mso-bidi-font-family: Symbol; color: #1d2129;\"><span style=\"mso-list: Ignore;\">&middot;<span style=\"font: 7.0pt \'Times New Roman\';\">&nbsp;&nbsp;&nbsp;&nbsp;&nbsp;&nbsp; </span></span></span><!--[endif]--><span style=\"font-size: 10.5pt; font-family: \'inherit\',\'serif\'; mso-bidi-font-family: Helvetica; color: #1d2129;\">SABTANG TOUR</span></p>\r\n<p style=\"background: white; margin: 0in 0in .0001pt .5in;\"><span style=\"font-size: 10.5pt; font-family: \'inherit\',\'serif\'; mso-bidi-font-family: Helvetica; color: #1d2129;\">&nbsp;</span></p>\r\n<p style=\"background: white; margin: 0in 0in .0001pt .5in;\"><span style=\"font-size: 10.5pt; font-family: \'inherit\',\'serif\'; mso-bidi-font-family: Helvetica; color: #1d2129;\">&nbsp;</span></p>\r\n<p style=\"background: white; margin: 4.5pt 0in 4.5pt 0in;\"><span style=\"font-size: 10.5pt; font-family: \'inherit\',\'serif\'; mso-bidi-font-family: Helvetica; color: #1d2129;\">Note: Subject to availability / Room based on Quad Sharing.</span></p>\r\n<p style=\"background: white; margin: 4.5pt 0in 4.5pt 0in;\"><span style=\"font-size: 10.5pt; font-family: \'inherit\',\'serif\'; mso-bidi-font-family: Helvetica; color: #1d2129;\">&nbsp;</span></p>\r\n<p style=\"background: white; margin: 4.5pt 0in 4.5pt 0in;\"><span style=\"font-size: 10.5pt; font-family: \'inherit\',\'serif\'; mso-bidi-font-family: Helvetica; color: #1d2129;\">DOMESTIC INQUIRIES: </span></p>\r\n<p style=\"background: white; margin: 4.5pt 0in 4.5pt 0in;\"><span style=\"font-size: 10.5pt; font-family: \'inherit\',\'serif\'; mso-bidi-font-family: Helvetica; color: #1d2129;\">Email address: </span><a href=\"mailto:capturedmemoriestravelandtours@gmail.com\"><span style=\"font-size: 10.5pt; font-family: \'inherit\',\'serif\'; mso-bidi-font-family: Helvetica;\">capturedmemoriestravelandtours@gmail.com</span></a></p>\r\n<p style=\"background: white; margin: 4.5pt 0in 4.5pt 0in;\"><span style=\"font-size: 10.5pt; font-family: \'inherit\',\'serif\'; mso-bidi-font-family: Helvetica; color: #1d2129;\">Facebook: Captured Memories Travel and Tours</span></p>\r\n<p style=\"background: white; margin: 4.5pt 0in 4.5pt 0in;\"><span style=\"font-size: 10.5pt; font-family: \'inherit\',\'serif\'; mso-bidi-font-family: Helvetica; color: #1d2129;\">Landline no.: (02) 9178134</span></p>\r\n<p style=\"background: white; margin: 4.5pt 0in 4.5pt 0in;\"><span style=\"font-size: 10.5pt; font-family: \'inherit\',\'serif\'; mso-bidi-font-family: Helvetica; color: #1d2129;\">Phone no.: +63 9155018187 (GLOBE)</span></p>\r\n<p style=\"background: white; margin: 4.5pt 0in 4.5pt 0in;\"><span style=\"font-size: 10.5pt; font-family: \'inherit\',\'serif\'; mso-bidi-font-family: Helvetica; color: #1d2129;\"><span style=\"mso-tab-count: 1;\">&nbsp;&nbsp;&nbsp;&nbsp;&nbsp;&nbsp;&nbsp;&nbsp;&nbsp;&nbsp;&nbsp; </span><span style=\"mso-spacerun: yes;\">&nbsp;&nbsp;&nbsp;&nbsp; </span>+63 9164847665 (GLOBE)</span></p>\r\n<p><!--EndFragment--></p>','2019-07-17','2019-07-18','4','2019',0,'/Applications/MAMP/htdocs/capture_memories/admin/../public/images/tour/batanestour.png','/capture_memories/public/images/tour/batanestour.png','active','2019-07-10 15:10:14','2019-07-15 07:23:12','0000-00-00 00:00:00'),
	(43,7,'Batanes','','2019-07-23','2019-07-26','5','2019',0,'/Applications/MAMP/htdocs/capture_memories/admin/../public/images/tour/batanes.jpg','/capture_memories/public/images/tour/batanes.jpg','active','2019-07-15 22:13:49','2019-07-15 22:16:43','2019-07-16 23:01:19'),
	(44,10,'Sorsogon Tour','<p style=\"box-sizing: border-box; font-family: Roboto, sans-serif; margin: 4.5pt 0in; font-size: 14px; color: #212529; background: white;\"><span style=\"box-sizing: border-box; font-weight: bolder;\"><span style=\"box-sizing: border-box; font-family: inherit, serif; font-size: 10.5pt; color: #1d2129;\">Travel period: July. 15 - Dec.30, 2019</span></span></p>\r\n<p style=\"box-sizing: border-box; font-family: Roboto, sans-serif; margin: 4.5pt 0in; font-size: 14px; color: #212529; background: white;\"><span style=\"box-sizing: border-box; font-weight: bolder;\"><span style=\"box-sizing: border-box; font-family: inherit, serif; font-size: 10.5pt; color: #1d2129;\">Selling Period: May 28-31,2019</span></span></p>\r\n<p style=\"box-sizing: border-box; font-family: Roboto, sans-serif; margin: 0in 0in 0.0001pt; font-size: 14px; color: #212529; background: white;\"><span style=\"box-sizing: border-box; font-family: Helvetica; font-size: 10.5pt; color: #1d2129;\">&nbsp;</span></p>\r\n<p style=\"box-sizing: border-box; font-family: Roboto, sans-serif; margin: 4.5pt 0in; font-size: 14px; color: #212529; background: white;\"><span style=\"box-sizing: border-box; font-family: Helvetica; font-size: 10.5pt; color: #1d2129;\">2-Nights Accommodation + 2-Days Tour = P4,800/head</span></p>\r\n<p style=\"box-sizing: border-box; font-family: Roboto, sans-serif; margin: 4.5pt 0in; font-size: 14px; color: #212529; background: white;\"><span style=\"box-sizing: border-box; font-family: Helvetica; font-size: 10.5pt; color: #1d2129;\">(minimum of 4pax)- Quad Sharing</span></p>\r\n<p style=\"box-sizing: border-box; font-family: Roboto, sans-serif; margin: 0in 0in 4.5pt; font-size: 14px; color: #212529; background: white;\"><span style=\"box-sizing: border-box; font-family: inherit, serif; font-size: 10.5pt; color: #1d2129;\">4,800/person- Quad Sharing (Van Tour with Tour Guide)</span></p>\r\n<p style=\"box-sizing: border-box; font-family: Roboto, sans-serif; margin: 4.5pt 0in; font-size: 14px; color: #212529; background: white;\"><span style=\"box-sizing: border-box; font-family: inherit, serif; font-size: 10.5pt; color: #1d2129;\">4,000/person -Triple Sharing (Tour via Tricycle w/o Tour Guide)</span></p>\r\n<p style=\"box-sizing: border-box; font-family: Roboto, sans-serif; margin: 4.5pt 0in; font-size: 14px; color: #212529; background: white;\"><span style=\"box-sizing: border-box; font-family: inherit, serif; font-size: 10.5pt; color: #1d2129;\">4,500/person- Twin Sharing (Tour via Tricycle w/o Tour Guide)</span></p>\r\n<p style=\"box-sizing: border-box; font-family: Roboto, sans-serif; margin: 4.5pt 0in; font-size: 14px; color: #212529; background: white;\"><span style=\"box-sizing: border-box; font-family: inherit, serif; font-size: 10.5pt; color: #1d2129;\">8,700/person- Solo (Tour via Tricycle w/o Tour Guide)</span></p>\r\n<p style=\"box-sizing: border-box; font-family: Roboto, sans-serif; margin: 4.5pt 0in; font-size: 14px; color: #212529; background: white;\"><span style=\"box-sizing: border-box; font-family: inherit, serif; font-size: 10.5pt; color: #1d2129;\">&nbsp;</span></p>\r\n<p style=\"box-sizing: border-box; font-family: Roboto, sans-serif; margin: 4.5pt 0in; font-size: 14px; color: #212529; background: white;\"><span style=\"box-sizing: border-box; font-family: inherit, serif; font-size: 10.5pt; color: #1d2129;\">Inclusions:</span></p>\r\n<p style=\"box-sizing: border-box; font-family: Roboto, sans-serif; margin: 0in 0in 0.0001pt 39pt; font-size: 14px; color: #212529; text-indent: -0.25in; background: white;\"><span style=\"box-sizing: border-box; font-family: Symbol; font-size: 10.5pt; color: #1d2129;\"><span style=\"box-sizing: border-box; font-family: Roboto, sans-serif !important;\">&middot;<span style=\"box-sizing: border-box; font-variant-numeric: normal; font-variant-east-asian: normal; font-stretch: normal; font-size: 7pt; line-height: normal; font-family: \'Times New Roman\';\">&nbsp;&nbsp;&nbsp;&nbsp;&nbsp;&nbsp;&nbsp;</span></span></span><span style=\"box-sizing: border-box; font-family: inherit, serif; font-size: 10.5pt; color: #1d2129;\">RT Airport Transfer</span></p>\r\n<p style=\"box-sizing: border-box; font-family: Roboto, sans-serif; margin: 0in 0in 0.0001pt 39pt; font-size: 14px; color: #212529; text-indent: -0.25in; background: white;\"><span style=\"box-sizing: border-box; font-family: Symbol; font-size: 10.5pt; color: #1d2129;\"><span style=\"box-sizing: border-box; font-family: Roboto, sans-serif !important;\">&middot;<span style=\"box-sizing: border-box; font-variant-numeric: normal; font-variant-east-asian: normal; font-stretch: normal; font-size: 7pt; line-height: normal; font-family: \'Times New Roman\';\">&nbsp;&nbsp;&nbsp;&nbsp;&nbsp;&nbsp;&nbsp;</span></span></span><span style=\"box-sizing: border-box; font-family: inherit, serif; font-size: 10.5pt; color: #1d2129;\">2Nights accommodation with daily breakfast (@ Nanay Cita\'s Homestay)</span></p>\r\n<p style=\"box-sizing: border-box; font-family: Roboto, sans-serif; margin: 0in 0in 0.0001pt 39pt; font-size: 14px; color: #212529; text-indent: -0.25in; background: white;\"><span style=\"box-sizing: border-box; font-family: Symbol; font-size: 10.5pt; color: #1d2129;\"><span style=\"box-sizing: border-box; font-family: Roboto, sans-serif !important;\">&middot;<span style=\"box-sizing: border-box; font-variant-numeric: normal; font-variant-east-asian: normal; font-stretch: normal; font-size: 7pt; line-height: normal; font-family: \'Times New Roman\';\">&nbsp;&nbsp;&nbsp;&nbsp;&nbsp;&nbsp;&nbsp;</span></span></span><span style=\"box-sizing: border-box; font-family: inherit, serif; font-size: 10.5pt; color: #1d2129;\">2-Days tour (North Batan &amp; South Batan tour) (via Van Tour or Tricycle Tour)</span></p>\r\n<p style=\"box-sizing: border-box; font-family: Roboto, sans-serif; margin: 0in 0in 0.0001pt 39pt; font-size: 14px; color: #212529; text-indent: -0.25in; background: white;\"><span style=\"box-sizing: border-box; font-family: Symbol; font-size: 10.5pt; color: #1d2129;\"><span style=\"box-sizing: border-box; font-family: Roboto, sans-serif !important;\">&middot;<span style=\"box-sizing: border-box; font-variant-numeric: normal; font-variant-east-asian: normal; font-stretch: normal; font-size: 7pt; line-height: normal; font-family: \'Times New Roman\';\">&nbsp;&nbsp;&nbsp;&nbsp;&nbsp;&nbsp;&nbsp;</span></span></span><span style=\"box-sizing: border-box; font-family: inherit, serif; font-size: 10.5pt; color: #1d2129;\"><span style=\"box-sizing: border-box;\">&nbsp;</span>Tour Guide Services (For Van Tours Only)</span></p>\r\n<p style=\"box-sizing: border-box; font-family: Roboto, sans-serif; margin: 0in 0in 0.0001pt 39pt; font-size: 14px; color: #212529; text-indent: -0.25in; background: white;\"><span style=\"box-sizing: border-box; font-family: Symbol; font-size: 10.5pt; color: #1d2129;\"><span style=\"box-sizing: border-box; font-family: Roboto, sans-serif !important;\">&middot;<span style=\"box-sizing: border-box; font-variant-numeric: normal; font-variant-east-asian: normal; font-stretch: normal; font-size: 7pt; line-height: normal; font-family: \'Times New Roman\';\">&nbsp;&nbsp;&nbsp;&nbsp;&nbsp;&nbsp;&nbsp;</span></span></span><span style=\"box-sizing: border-box; font-family: inherit, serif; font-size: 10.5pt; color: #1d2129;\"><span style=\"box-sizing: border-box;\">&nbsp;</span>RT Boatfare (OPTIONAL/ FOR SABTANG TOUR ONLY)</span></p>\r\n<p style=\"box-sizing: border-box; font-family: Roboto, sans-serif; margin: 0in 0in 0.0001pt 39pt; font-size: 14px; color: #212529; text-indent: -0.25in; background: white;\"><span style=\"box-sizing: border-box; font-family: Symbol; font-size: 10.5pt; color: #1d2129;\"><span style=\"box-sizing: border-box; font-family: Roboto, sans-serif !important;\">&middot;<span style=\"box-sizing: border-box; font-variant-numeric: normal; font-variant-east-asian: normal; font-stretch: normal; font-size: 7pt; line-height: normal; font-family: \'Times New Roman\';\">&nbsp;&nbsp;&nbsp;&nbsp;&nbsp;&nbsp;&nbsp;</span></span></span><span style=\"box-sizing: border-box; font-family: inherit, serif; font-size: 10.5pt; color: #1d2129;\">Environmental Fees</span></p>\r\n<p style=\"box-sizing: border-box; font-family: Roboto, sans-serif; margin: 0in 0in 0.0001pt 39pt; font-size: 14px; color: #212529; background: white;\"><span style=\"box-sizing: border-box; font-family: inherit, serif; font-size: 10.5pt; color: #1d2129;\">&nbsp;</span></p>\r\n<p style=\"box-sizing: border-box; font-family: Roboto, sans-serif; margin: 0in 0in 0.0001pt 39pt; font-size: 14px; color: #212529; background: white;\"><span style=\"box-sizing: border-box; font-family: inherit, serif; font-size: 10.5pt; color: #1d2129;\">&nbsp;</span></p>\r\n<p style=\"box-sizing: border-box; font-family: Roboto, sans-serif; margin: 4.5pt 0in; font-size: 14px; color: #212529; background: white;\"><span style=\"box-sizing: border-box; font-family: inherit, serif; font-size: 10.5pt; color: #1d2129;\">OPTIONAL TOUR:</span></p>\r\n<p style=\"box-sizing: border-box; font-family: Roboto, sans-serif; margin: 4.5pt 0in; font-size: 14px; color: #212529; background: white;\"><span style=\"box-sizing: border-box; font-family: inherit, serif; font-size: 10.5pt; color: #1d2129;\">SABTANG TOUR</span></p>\r\n<p style=\"box-sizing: border-box; font-family: Roboto, sans-serif; margin: 4.5pt 0in; font-size: 14px; color: #212529; background: white;\"><span style=\"box-sizing: border-box; font-family: inherit, serif; font-size: 10.5pt; color: #1d2129;\">&nbsp;</span></p>\r\n<p style=\"box-sizing: border-box; font-family: Roboto, sans-serif; margin: 4.5pt 0in; font-size: 14px; color: #212529; background: white;\"><span style=\"box-sizing: border-box; font-family: inherit, serif; font-size: 10.5pt; color: #1d2129;\">Exclusions:</span></p>\r\n<p style=\"box-sizing: border-box; font-family: Roboto, sans-serif; margin: 0in 0in 0.0001pt 0.5in; font-size: 14px; color: #212529; text-indent: -0.25in; background: white;\"><span style=\"box-sizing: border-box; font-family: Symbol; font-size: 10.5pt; color: #1d2129;\"><span style=\"box-sizing: border-box; font-family: Roboto, sans-serif !important;\">&middot;<span style=\"box-sizing: border-box; font-variant-numeric: normal; font-variant-east-asian: normal; font-stretch: normal; font-size: 7pt; line-height: normal; font-family: \'Times New Roman\';\">&nbsp;&nbsp;&nbsp;&nbsp;&nbsp;&nbsp;&nbsp;</span></span></span><span style=\"box-sizing: border-box; font-family: inherit, serif; font-size: 10.5pt; color: #1d2129;\">RT Airfare</span></p>\r\n<p style=\"box-sizing: border-box; font-family: Roboto, sans-serif; margin: 0in 0in 0.0001pt 0.5in; font-size: 14px; color: #212529; text-indent: -0.25in; background: white;\"><span style=\"box-sizing: border-box; font-family: Symbol; font-size: 10.5pt; color: #1d2129;\"><span style=\"box-sizing: border-box; font-family: Roboto, sans-serif !important;\">&middot;<span style=\"box-sizing: border-box; font-variant-numeric: normal; font-variant-east-asian: normal; font-stretch: normal; font-size: 7pt; line-height: normal; font-family: \'Times New Roman\';\">&nbsp;&nbsp;&nbsp;&nbsp;&nbsp;&nbsp;&nbsp;</span></span></span><span style=\"box-sizing: border-box; font-family: inherit, serif; font-size: 10.5pt; color: #1d2129;\">Lunch &amp; Dinner</span></p>\r\n<p style=\"box-sizing: border-box; font-family: Roboto, sans-serif; margin: 0in 0in 0.0001pt 0.5in; font-size: 14px; color: #212529; text-indent: -0.25in; background: white;\"><span style=\"box-sizing: border-box; font-family: Symbol; font-size: 10.5pt; color: #1d2129;\"><span style=\"box-sizing: border-box; font-family: Roboto, sans-serif !important;\">&middot;<span style=\"box-sizing: border-box; font-variant-numeric: normal; font-variant-east-asian: normal; font-stretch: normal; font-size: 7pt; line-height: normal; font-family: \'Times New Roman\';\">&nbsp;&nbsp;&nbsp;&nbsp;&nbsp;&nbsp;&nbsp;</span></span></span><span style=\"box-sizing: border-box; font-family: inherit, serif; font-size: 10.5pt; color: #1d2129;\">Eco Tourism Fee P400 (upon arrival)</span></p>\r\n<p style=\"box-sizing: border-box; font-family: Roboto, sans-serif; margin: 0in 0in 0.0001pt 0.5in; font-size: 14px; color: #212529; text-indent: -0.25in; background: white;\"><span style=\"box-sizing: border-box; font-family: Symbol; font-size: 10.5pt; color: #1d2129;\"><span style=\"box-sizing: border-box; font-family: Roboto, sans-serif !important;\">&middot;<span style=\"box-sizing: border-box; font-variant-numeric: normal; font-variant-east-asian: normal; font-stretch: normal; font-size: 7pt; line-height: normal; font-family: \'Times New Roman\';\">&nbsp;&nbsp;&nbsp;&nbsp;&nbsp;&nbsp;&nbsp;</span></span></span><span style=\"box-sizing: border-box; font-family: inherit, serif; font-size: 10.5pt; color: #1d2129;\">SABTANG TOUR</span></p>\r\n<p style=\"box-sizing: border-box; font-family: Roboto, sans-serif; margin: 0in 0in 0.0001pt 0.5in; font-size: 14px; color: #212529; background: white;\"><span style=\"box-sizing: border-box; font-family: inherit, serif; font-size: 10.5pt; color: #1d2129;\">&nbsp;</span></p>\r\n<p style=\"box-sizing: border-box; font-family: Roboto, sans-serif; margin: 0in 0in 0.0001pt 0.5in; font-size: 14px; color: #212529; background: white;\"><span style=\"box-sizing: border-box; font-family: inherit, serif; font-size: 10.5pt; color: #1d2129;\">&nbsp;</span></p>\r\n<p style=\"box-sizing: border-box; font-family: Roboto, sans-serif; margin: 4.5pt 0in; font-size: 14px; color: #212529; background: white;\"><span style=\"box-sizing: border-box; font-family: inherit, serif; font-size: 10.5pt; color: #1d2129;\">Note: Subject to availability / Room based on Quad Sharing.</span></p>\r\n<p style=\"box-sizing: border-box; font-family: Roboto, sans-serif; margin: 4.5pt 0in; font-size: 14px; color: #212529; background: white;\"><span style=\"box-sizing: border-box; font-family: inherit, serif; font-size: 10.5pt; color: #1d2129;\">&nbsp;</span></p>\r\n<p style=\"box-sizing: border-box; font-family: Roboto, sans-serif; margin: 4.5pt 0in; font-size: 14px; color: #212529; background: white;\"><span style=\"box-sizing: border-box; font-family: inherit, serif; font-size: 10.5pt; color: #1d2129;\">DOMESTIC INQUIRIES:</span></p>\r\n<p style=\"box-sizing: border-box; font-family: Roboto, sans-serif; margin: 4.5pt 0in; font-size: 14px; color: #212529; background: white;\"><span style=\"box-sizing: border-box; font-family: inherit, serif; font-size: 10.5pt; color: #1d2129;\">Email address:&nbsp;</span><a style=\"box-sizing: border-box; color: #007bff; text-decoration-line: none; background-color: transparent;\" href=\"mailto:capturedmemoriestravelandtours@gmail.com\">capturedmemoriestravelandtours@gmail.com</a></p>\r\n<p style=\"box-sizing: border-box; font-family: Roboto, sans-serif; margin: 4.5pt 0in; font-size: 14px; color: #212529; background: white;\"><span style=\"box-sizing: border-box; font-family: inherit, serif; font-size: 10.5pt; color: #1d2129;\">Facebook: Captured Memories Travel and Tours</span></p>\r\n<p style=\"box-sizing: border-box; font-family: Roboto, sans-serif; margin: 4.5pt 0in; font-size: 14px; color: #212529; background: white;\"><span style=\"box-sizing: border-box; font-family: inherit, serif; font-size: 10.5pt; color: #1d2129;\">Landline no.: (02) 9178134</span></p>\r\n<p style=\"box-sizing: border-box; font-family: Roboto, sans-serif; margin: 4.5pt 0in; font-size: 14px; color: #212529; background: white;\"><span style=\"box-sizing: border-box; font-family: inherit, serif; font-size: 10.5pt; color: #1d2129;\">Phone no.: +63 9155018187 (GLOBE)</span></p>\r\n<p style=\"box-sizing: border-box; font-family: Roboto, sans-serif; margin: 4.5pt 0in; font-size: 14px; color: #212529; background: white;\"><span style=\"box-sizing: border-box; font-family: inherit, serif; font-size: 10.5pt; color: #1d2129;\"><span style=\"box-sizing: border-box;\">&nbsp;&nbsp;&nbsp;&nbsp;&nbsp;&nbsp;&nbsp;&nbsp;&nbsp;&nbsp;&nbsp;&nbsp;</span><span style=\"box-sizing: border-box;\">&nbsp;&nbsp;&nbsp;&nbsp;&nbsp;</span>+63 9164847665 (GLOBE)</span></p>','2019-11-16','2019-11-30','4','2019',0,'/Applications/MAMP/htdocs/capture_memories/admin/../public/images/tour/penafrancia-bus-manila-to-sorsogon__11392.1560614010.jpg','/capture_memories/public/images/tour/penafrancia-bus-manila-to-sorsogon__11392.1560614010.jpg','active','2019-07-27 18:20:02','2019-11-19 10:18:30','0000-00-00 00:00:00'),
	(45,7,'Batanes','<p>sample</p>','2019-11-06','2019-11-23','4','123',2,'/Applications/MAMP/htdocs/capture_memories/admin/../public/images/tour/Screen Shot 2019-09-22 at 5.20.19 PM.png','/capture_memories/public/images/tour/Screen Shot 2019-09-22 at 5.20.19 PM.png','active','2019-11-09 20:55:42','2019-11-13 17:49:37','0000-00-00 00:00:00');

/*!40000 ALTER TABLE `tbl_tour_package` ENABLE KEYS */;
UNLOCK TABLES;


# Dump of table tbl_tour_package_images
# ------------------------------------------------------------

CREATE TABLE `tbl_tour_package_images` (
  `id` int(11) unsigned NOT NULL AUTO_INCREMENT,
  `tbl_tour_package_id` int(11) DEFAULT NULL,
  `image_path` text,
  `image_public_path` text,
  `created_at` datetime DEFAULT NULL,
  `updated_at` datetime DEFAULT NULL,
  `deleted_at` datetime DEFAULT NULL,
  PRIMARY KEY (`id`)
) ENGINE=InnoDB DEFAULT CHARSET=utf8;



# Dump of table tbl_tour_package_meta
# ------------------------------------------------------------

CREATE TABLE `tbl_tour_package_meta` (
  `id` int(11) unsigned NOT NULL AUTO_INCREMENT,
  `tbl_tour_package_id` int(5) DEFAULT NULL,
  `quantity` varchar(120) DEFAULT NULL,
  `price` int(11) DEFAULT NULL,
  `status` enum('active','inactive') DEFAULT 'active',
  `created_at` datetime DEFAULT NULL,
  `updated_at` datetime DEFAULT NULL,
  `deleted_at` datetime DEFAULT NULL,
  PRIMARY KEY (`id`),
  KEY `tbl_tour_package_id` (`tbl_tour_package_id`)
) ENGINE=InnoDB DEFAULT CHARSET=utf8;

LOCK TABLES `tbl_tour_package_meta` WRITE;
/*!40000 ALTER TABLE `tbl_tour_package_meta` DISABLE KEYS */;

INSERT INTO `tbl_tour_package_meta` (`id`, `tbl_tour_package_id`, `quantity`, `price`, `status`, `created_at`, `updated_at`, `deleted_at`)
VALUES
	(32,38,'1',3001,'active','2019-11-19 13:40:02','2019-11-19 13:40:02','0000-00-00 00:00:00'),
	(33,38,'2',3000,'active','2019-11-19 13:40:02','2019-11-19 13:40:02','0000-00-00 00:00:00'),
	(34,38,'4',4000,'active','2019-11-19 13:40:02','2019-11-19 13:40:02','0000-00-00 00:00:00'),
	(35,39,'1',12010,'active','2019-11-19 10:18:20','2019-11-19 10:18:20','0000-00-00 00:00:00'),
	(36,40,'2',2000,'active','2019-07-15 07:23:12','2019-07-15 07:23:12','0000-00-00 00:00:00'),
	(37,40,'3',5000,'active','2019-07-15 07:23:12','2019-07-15 07:23:12','0000-00-00 00:00:00'),
	(38,38,'5',5000,'active','2019-11-19 13:40:02','2019-11-19 13:40:02','0000-00-00 00:00:00'),
	(39,43,'1',3000,'active','2019-07-15 22:16:43','2019-07-15 22:16:43','0000-00-00 00:00:00'),
	(40,44,'1',1999,'active','2019-11-19 10:18:30','2019-11-19 10:18:30','0000-00-00 00:00:00'),
	(41,44,'2',1500,'active','2019-11-19 10:18:30','2019-11-19 10:18:30','0000-00-00 00:00:00'),
	(42,45,'1',1000,'active','2019-11-13 17:49:37','2019-11-13 17:49:37','0000-00-00 00:00:00'),
	(43,45,'2',2000,'active','2019-11-13 17:49:37','2019-11-13 17:49:37','0000-00-00 00:00:00');

/*!40000 ALTER TABLE `tbl_tour_package_meta` ENABLE KEYS */;
UNLOCK TABLES;


# Dump of table tbl_travel_insurance
# ------------------------------------------------------------

CREATE TABLE `tbl_travel_insurance` (
  `id` int(11) unsigned NOT NULL AUTO_INCREMENT,
  `tbl_user_id` int(11) DEFAULT NULL,
  `passenger_name` varchar(120) DEFAULT NULL,
  `age` int(5) DEFAULT NULL,
  `birth_date` date DEFAULT NULL,
  `status` enum('pending','cancelled','done') DEFAULT 'pending',
  `created_at` datetime DEFAULT NULL,
  `updated_at` datetime DEFAULT NULL,
  `deleted_at` datetime DEFAULT NULL,
  PRIMARY KEY (`id`)
) ENGINE=InnoDB DEFAULT CHARSET=utf8;

LOCK TABLES `tbl_travel_insurance` WRITE;
/*!40000 ALTER TABLE `tbl_travel_insurance` DISABLE KEYS */;

INSERT INTO `tbl_travel_insurance` (`id`, `tbl_user_id`, `passenger_name`, `age`, `birth_date`, `status`, `created_at`, `updated_at`, `deleted_at`)
VALUES
	(1,1,'Jon Snow',34,'1928-04-28','done','2019-07-26 21:37:29','2019-07-27 16:37:16','0000-00-00 00:00:00');

/*!40000 ALTER TABLE `tbl_travel_insurance` ENABLE KEYS */;
UNLOCK TABLES;


# Dump of table tbl_user
# ------------------------------------------------------------

CREATE TABLE `tbl_user` (
  `id` int(11) unsigned NOT NULL AUTO_INCREMENT,
  `first_name` varchar(50) DEFAULT NULL,
  `last_name` varchar(50) DEFAULT NULL,
  `email` varchar(100) DEFAULT NULL,
  `password` varchar(50) DEFAULT NULL,
  `phone` varchar(30) DEFAULT NULL,
  `birth_date` date DEFAULT NULL,
  `address` text,
  `about` text,
  `type` enum('user','admin','reservation office','general mgr.') NOT NULL DEFAULT 'user',
  `active` enum('active','inactive') DEFAULT 'active',
  `created_at` datetime DEFAULT NULL,
  `updated_at` datetime DEFAULT NULL,
  `deleted_at` datetime DEFAULT NULL,
  PRIMARY KEY (`id`)
) ENGINE=InnoDB DEFAULT CHARSET=utf8;

LOCK TABLES `tbl_user` WRITE;
/*!40000 ALTER TABLE `tbl_user` DISABLE KEYS */;

INSERT INTO `tbl_user` (`id`, `first_name`, `last_name`, `email`, `password`, `phone`, `birth_date`, `address`, `about`, `type`, `active`, `created_at`, `updated_at`, `deleted_at`)
VALUES
	(1,'Sam','Esquejo','sam@oqulo.com','123456','0907929292','1992-09-07','Mandaluyong City','wala lang','user','active','2019-06-25 16:50:58','2019-08-07 20:52:05','0000-00-00 00:00:00'),
	(2,'Carla','Remo','mjcarlaremo@gmail.com','1234','090932138','1994-09-10',NULL,NULL,'user','active','2019-06-25 17:00:44','2019-06-25 17:00:44','0000-00-00 00:00:00'),
	(4,'sam','esquejio','sam.esquejo@august99.com','12341234','123123','2019-01-03',NULL,NULL,'user','active','2019-06-25 19:12:23','2019-06-25 19:12:23','0000-00-00 00:00:00'),
	(5,'Sam','Esquejo','champot07@gmail.com','12341234','09029191','1992-09-07',NULL,NULL,'user','active','2019-06-25 19:22:19','2019-06-25 19:22:19','0000-00-00 00:00:00'),
	(6,'admin','admin','admin@admin.com','admin',NULL,NULL,NULL,NULL,'admin','active','2019-06-26 20:47:29','2019-06-26 20:47:29','0000-00-00 00:00:00'),
	(9,'Samuel','Esquejo','samuelresquejo@gmail.com','12341234','0192308417','1995-05-15','Mandaluyong, Philippines','Hi Therre!','user','active','2019-07-26 08:50:37','2019-07-26 11:13:59','0000-00-00 00:00:00'),
	(10,'Kenneth','Riparip','kennethripari04p@gmail.com','12341234','09123123','1996-08-08','Pasig CIty','Wala lang ','user','active','2019-07-27 18:21:23','2019-07-27 18:23:46','0000-00-00 00:00:00'),
	(11,'ben','ducusin','ben@gmail.com','pass1234','09123123','1993-03-02','','','user','active','2019-08-10 18:50:18','2019-08-10 18:50:18','0000-00-00 00:00:00'),
	(25,'JOsh','Adec','adec.joshua@gmail.com','12341234','21039201391','1994-02-03','','','user','inactive','2019-11-14 06:58:12','2019-11-14 06:58:12','0000-00-00 00:00:00');

/*!40000 ALTER TABLE `tbl_user` ENABLE KEYS */;
UNLOCK TABLES;


# Dump of table tbl_visa_processing
# ------------------------------------------------------------

CREATE TABLE `tbl_visa_processing` (
  `id` int(11) unsigned NOT NULL AUTO_INCREMENT,
  `tbl_user_id` int(5) DEFAULT NULL,
  `passenger_name` varchar(120) DEFAULT NULL,
  `age` int(5) DEFAULT NULL,
  `traveled_from_at` date DEFAULT NULL,
  `traveled_to_at` date DEFAULT NULL,
  `status` enum('pending','cancelled','done') DEFAULT NULL,
  `created_at` datetime DEFAULT NULL,
  `updated_at` datetime DEFAULT NULL,
  `deleted_at` datetime DEFAULT NULL,
  PRIMARY KEY (`id`)
) ENGINE=InnoDB DEFAULT CHARSET=utf8;

LOCK TABLES `tbl_visa_processing` WRITE;
/*!40000 ALTER TABLE `tbl_visa_processing` DISABLE KEYS */;

INSERT INTO `tbl_visa_processing` (`id`, `tbl_user_id`, `passenger_name`, `age`, `traveled_from_at`, `traveled_to_at`, `status`, `created_at`, `updated_at`, `deleted_at`)
VALUES
	(1,1,'Troy Dumaran',40,'2019-07-02','2019-07-24','pending','2019-07-27 13:09:04','2019-07-27 13:09:04','0000-00-00 00:00:00'),
	(2,2,'Angel Agapitan',18,'2019-07-24','2019-07-31','pending','2019-07-27 15:35:09','2019-07-27 15:35:09','0000-00-00 00:00:00'),
	(3,1,'Lorenzo Ruiz',30,'2019-07-29','2019-07-31','pending','2019-07-27 16:04:00','2019-07-27 16:04:00','0000-00-00 00:00:00'),
	(4,1,'pandemic',21,'2019-11-10','2019-11-20','pending','2019-11-10 04:47:39','2019-11-10 04:47:39','0000-00-00 00:00:00');

/*!40000 ALTER TABLE `tbl_visa_processing` ENABLE KEYS */;
UNLOCK TABLES;


# Dump of table tbl_wifi_rental
# ------------------------------------------------------------

CREATE TABLE `tbl_wifi_rental` (
  `id` int(11) unsigned NOT NULL AUTO_INCREMENT,
  `tbl_user_id` int(5) DEFAULT NULL,
  `passenger_name` varchar(120) DEFAULT NULL,
  `destination` varchar(120) DEFAULT NULL,
  `traveled_from_at` date DEFAULT NULL,
  `traveled_to_at` date DEFAULT NULL,
  `destination_type` varchar(20) DEFAULT NULL,
  `status` enum('pending','cancelled','done') DEFAULT 'pending',
  `created_at` datetime DEFAULT NULL,
  `updated_at` datetime DEFAULT NULL,
  `deleted_at` datetime DEFAULT NULL,
  PRIMARY KEY (`id`)
) ENGINE=InnoDB DEFAULT CHARSET=utf8;

LOCK TABLES `tbl_wifi_rental` WRITE;
/*!40000 ALTER TABLE `tbl_wifi_rental` DISABLE KEYS */;

INSERT INTO `tbl_wifi_rental` (`id`, `tbl_user_id`, `passenger_name`, `destination`, `traveled_from_at`, `traveled_to_at`, `destination_type`, `status`, `created_at`, `updated_at`, `deleted_at`)
VALUES
	(1,1,'Nyaw Nyi','Batanes','2019-07-09','2019-07-11','domestic','pending','2019-07-26 21:31:32','2019-07-26 21:31:32','0000-00-00 00:00:00'),
	(2,1,'Nyaw Nyi','Hongkong','2019-07-09','2019-07-11','international','pending','2019-07-26 21:32:04','2019-07-26 21:32:04','0000-00-00 00:00:00'),
	(3,2,'Carla Remo','Batanes','2019-07-24','2019-07-27','domestic','pending','2019-07-27 13:59:43','2019-07-27 13:59:43','0000-00-00 00:00:00'),
	(4,10,'Judith','Sorsogon','2019-07-26','2019-08-09','domestic','pending','2019-07-27 18:32:17','2019-07-27 18:32:17','0000-00-00 00:00:00');

/*!40000 ALTER TABLE `tbl_wifi_rental` ENABLE KEYS */;
UNLOCK TABLES;



/*!40111 SET SQL_NOTES=@OLD_SQL_NOTES */;
/*!40101 SET SQL_MODE=@OLD_SQL_MODE */;
/*!40014 SET FOREIGN_KEY_CHECKS=@OLD_FOREIGN_KEY_CHECKS */;
/*!40101 SET CHARACTER_SET_CLIENT=@OLD_CHARACTER_SET_CLIENT */;
/*!40101 SET CHARACTER_SET_RESULTS=@OLD_CHARACTER_SET_RESULTS */;
/*!40101 SET COLLATION_CONNECTION=@OLD_COLLATION_CONNECTION */;
